,ref_app_id,ref_channel_id,day_date,installs,Unnamed: 0,display_name
0,73319,9999,2023-10-25,2021.0,612,Organic
1,73319,9999,2023-10-26,2042.0,612,Organic
2,73319,9999,2023-10-27,2516.0,612,Organic
3,73319,9999,2023-10-28,3466.0,612,Organic
4,73319,9999,2023-10-29,3899.0,612,Organic
5,73319,9999,2023-10-30,2781.0,612,Organic
6,73319,9999,2023-10-31,2410.0,612,Organic
7,73319,9999,2023-11-01,2607.0,612,Organic
8,73319,9999,2023-11-02,3299.0,612,Organic
9,73319,9999,2023-11-03,3226.0,612,Organic
10,73319,9999,2023-11-04,3924.0,612,Organic
11,73319,9999,2023-11-05,3623.0,612,Organic
12,73319,9999,2023-11-06,2394.0,612,Organic
13,73319,9999,2023-11-07,2284.0,612,Organic
14,73319,9999,2023-11-08,2102.0,612,Organic
15,73319,9999,2023-11-09,2332.0,612,Organic
16,73319,9999,2023-11-10,2881.0,612,Organic
17,73319,9999,2023-11-11,3669.0,612,Organic
18,73319,9999,2023-11-12,3548.0,612,Organic
19,73319,9999,2023-11-13,2265.0,612,Organic
20,73319,9999,2023-11-14,2241.0,612,Organic
21,73319,9999,2023-11-15,2293.0,612,Organic
22,73319,9999,2023-11-16,2315.0,612,Organic
23,73319,9999,2023-11-17,2950.0,612,Organic
24,73319,9999,2023-11-18,3733.0,612,Organic
25,73319,9999,2023-11-19,3403.0,612,Organic
26,73319,9999,2023-11-20,2579.0,612,Organic
27,73319,9999,2023-11-21,2457.0,612,Organic
28,73319,9999,2023-11-22,2804.0,612,Organic
29,73319,9999,2023-11-23,3215.0,612,Organic
30,73319,9999,2023-11-24,3578.0,612,Organic
31,73319,9999,2023-11-25,4045.0,612,Organic
32,73319,9999,2023-11-26,3862.0,612,Organic
33,73319,9999,2023-11-27,2367.0,612,Organic
34,73319,9999,2023-11-28,2202.0,612,Organic
35,73319,9999,2023-11-29,2099.0,612,Organic
36,73319,9999,2023-11-30,2270.0,612,Organic
37,73319,9999,2023-12-01,2486.0,612,Organic
38,73319,9999,2023-12-02,4009.0,612,Organic
39,73319,9999,2023-12-03,3356.0,612,Organic
40,73319,9999,2023-12-04,1841.0,612,Organic
41,73319,9999,2023-12-05,1793.0,612,Organic
42,73319,9999,2023-12-06,1807.0,612,Organic
43,73319,9999,2023-12-07,2079.0,612,Organic
44,73319,9999,2023-12-08,2550.0,612,Organic
45,73319,9999,2023-12-09,3376.0,612,Organic
46,73319,9999,2023-12-10,3186.0,612,Organic
47,73319,9999,2023-12-11,1927.0,612,Organic
48,73319,9999,2023-12-12,2087.0,612,Organic
49,73319,9999,2023-12-13,2230.0,612,Organic
50,73319,9999,2023-12-14,2368.0,612,Organic
51,73319,9999,2023-12-15,2736.0,612,Organic
52,73319,9999,2023-12-16,3875.0,612,Organic
53,73319,9999,2023-12-17,3612.0,612,Organic
54,73319,9999,2023-12-18,2456.0,612,Organic
55,73319,9999,2023-12-19,2353.0,612,Organic
56,73319,9999,2023-12-20,2564.0,612,Organic
57,73319,9999,2023-12-21,2799.0,612,Organic
58,73319,9999,2023-12-22,3471.0,612,Organic
59,73319,9999,2023-12-23,3752.0,612,Organic
60,73319,9999,2023-12-24,4120.0,612,Organic
61,73319,100223,2023-10-25,48.0,616,Apple Search Ads
62,73319,100223,2023-10-26,60.0,616,Apple Search Ads
63,73319,100223,2023-10-27,58.0,616,Apple Search Ads
64,73319,100223,2023-10-28,116.0,616,Apple Search Ads
65,73319,100223,2023-10-29,137.0,616,Apple Search Ads
66,73319,100223,2023-10-30,57.0,616,Apple Search Ads
67,73319,100223,2023-10-31,58.0,616,Apple Search Ads
68,73319,100223,2023-11-01,89.0,616,Apple Search Ads
69,73319,100223,2023-11-02,60.0,616,Apple Search Ads
70,73319,100223,2023-11-03,55.0,616,Apple Search Ads
71,73319,100223,2023-11-04,107.0,616,Apple Search Ads
72,73319,100223,2023-11-05,120.0,616,Apple Search Ads
73,73319,100223,2023-11-06,76.0,616,Apple Search Ads
74,73319,100223,2023-11-07,74.0,616,Apple Search Ads
75,73319,100223,2023-11-08,56.0,616,Apple Search Ads
76,73319,100223,2023-11-09,42.0,616,Apple Search Ads
77,73319,100223,2023-11-10,115.0,616,Apple Search Ads
78,73319,100223,2023-11-11,128.0,616,Apple Search Ads
79,73319,100223,2023-11-12,123.0,616,Apple Search Ads
80,73319,100223,2023-11-13,57.0,616,Apple Search Ads
81,73319,100223,2023-11-14,57.0,616,Apple Search Ads
82,73319,100223,2023-11-15,58.0,616,Apple Search Ads
83,73319,100223,2023-11-16,46.0,616,Apple Search Ads
84,73319,100223,2023-11-17,89.0,616,Apple Search Ads
85,73319,100223,2023-11-18,146.0,616,Apple Search Ads
86,73319,100223,2023-11-19,152.0,616,Apple Search Ads
87,73319,100223,2023-11-20,103.0,616,Apple Search Ads
88,73319,100223,2023-11-21,89.0,616,Apple Search Ads
89,73319,100223,2023-11-22,184.0,616,Apple Search Ads
90,73319,100223,2023-11-23,219.0,616,Apple Search Ads
91,73319,100223,2023-11-24,184.0,616,Apple Search Ads
92,73319,100223,2023-11-25,180.0,616,Apple Search Ads
93,73319,100223,2023-11-26,169.0,616,Apple Search Ads
94,73319,100223,2023-11-27,82.0,616,Apple Search Ads
95,73319,100223,2023-11-28,45.0,616,Apple Search Ads
96,73319,100223,2023-11-29,56.0,616,Apple Search Ads
97,73319,100223,2023-11-30,57.0,616,Apple Search Ads
98,73319,100223,2023-12-01,65.0,616,Apple Search Ads
99,73319,100223,2023-12-02,156.0,616,Apple Search Ads
100,73319,100223,2023-12-03,147.0,616,Apple Search Ads
101,73319,100223,2023-12-04,41.0,616,Apple Search Ads
102,73319,100223,2023-12-05,23.0,616,Apple Search Ads
103,73319,100223,2023-12-06,18.0,616,Apple Search Ads
104,73319,100223,2023-12-07,19.0,616,Apple Search Ads
105,73319,100223,2023-12-08,33.0,616,Apple Search Ads
106,73319,100223,2023-12-09,116.0,616,Apple Search Ads
107,73319,100223,2023-12-10,122.0,616,Apple Search Ads
108,73319,100223,2023-12-11,47.0,616,Apple Search Ads
109,73319,100223,2023-12-12,66.0,616,Apple Search Ads
110,73319,100223,2023-12-13,52.0,616,Apple Search Ads
111,73319,100223,2023-12-14,61.0,616,Apple Search Ads
112,73319,100223,2023-12-15,58.0,616,Apple Search Ads
113,73319,100223,2023-12-16,124.0,616,Apple Search Ads
114,73319,100223,2023-12-17,144.0,616,Apple Search Ads
115,73319,100223,2023-12-18,79.0,616,Apple Search Ads
116,73319,100223,2023-12-19,66.0,616,Apple Search Ads
117,73319,100223,2023-12-20,60.0,616,Apple Search Ads
118,73319,100223,2023-12-21,109.0,616,Apple Search Ads
119,73319,100223,2023-12-22,102.0,616,Apple Search Ads
120,73319,100223,2023-12-23,126.0,616,Apple Search Ads
121,73319,100223,2023-12-24,167.0,616,Apple Search Ads
122,73319,100260,2023-10-25,417.0,622,Unity Ads
123,73319,100260,2023-10-26,452.0,622,Unity Ads
124,73319,100260,2023-10-27,510.0,622,Unity Ads
125,73319,100260,2023-10-28,757.0,622,Unity Ads
126,73319,100260,2023-10-29,786.0,622,Unity Ads
127,73319,100260,2023-10-30,606.0,622,Unity Ads
128,73319,100260,2023-10-31,525.0,622,Unity Ads
129,73319,100260,2023-11-01,587.0,622,Unity Ads
130,73319,100260,2023-11-02,526.0,622,Unity Ads
131,73319,100260,2023-11-03,603.0,622,Unity Ads
132,73319,100260,2023-11-04,760.0,622,Unity Ads
133,73319,100260,2023-11-05,807.0,622,Unity Ads
134,73319,100260,2023-11-06,668.0,622,Unity Ads
135,73319,100260,2023-11-07,582.0,622,Unity Ads
136,73319,100260,2023-11-08,438.0,622,Unity Ads
137,73319,100260,2023-11-09,469.0,622,Unity Ads
138,73319,100260,2023-11-10,487.0,622,Unity Ads
139,73319,100260,2023-11-11,624.0,622,Unity Ads
140,73319,100260,2023-11-12,695.0,622,Unity Ads
141,73319,100260,2023-11-13,445.0,622,Unity Ads
142,73319,100260,2023-11-14,539.0,622,Unity Ads
143,73319,100260,2023-11-15,452.0,622,Unity Ads
144,73319,100260,2023-11-16,534.0,622,Unity Ads
145,73319,100260,2023-11-17,502.0,622,Unity Ads
146,73319,100260,2023-11-18,620.0,622,Unity Ads
147,73319,100260,2023-11-19,746.0,622,Unity Ads
148,73319,100260,2023-11-20,563.0,622,Unity Ads
149,73319,100260,2023-11-21,516.0,622,Unity Ads
150,73319,100260,2023-11-22,528.0,622,Unity Ads
151,73319,100260,2023-11-23,695.0,622,Unity Ads
152,73319,100260,2023-11-24,544.0,622,Unity Ads
153,73319,100260,2023-11-25,764.0,622,Unity Ads
154,73319,100260,2023-11-26,889.0,622,Unity Ads
155,73319,100260,2023-11-27,541.0,622,Unity Ads
156,73319,100260,2023-11-28,441.0,622,Unity Ads
157,73319,100260,2023-11-29,527.0,622,Unity Ads
158,73319,100260,2023-11-30,497.0,622,Unity Ads
159,73319,100260,2023-12-01,560.0,622,Unity Ads
160,73319,100260,2023-12-02,828.0,622,Unity Ads
161,73319,100260,2023-12-03,737.0,622,Unity Ads
162,73319,100260,2023-12-04,453.0,622,Unity Ads
163,73319,100260,2023-12-05,559.0,622,Unity Ads
164,73319,100260,2023-12-06,615.0,622,Unity Ads
165,73319,100260,2023-12-07,713.0,622,Unity Ads
166,73319,100260,2023-12-08,845.0,622,Unity Ads
167,73319,100260,2023-12-09,1234.0,622,Unity Ads
168,73319,100260,2023-12-10,1465.0,622,Unity Ads
169,73319,100260,2023-12-11,755.0,622,Unity Ads
170,73319,100260,2023-12-12,640.0,622,Unity Ads
171,73319,100260,2023-12-13,705.0,622,Unity Ads
172,73319,100260,2023-12-14,798.0,622,Unity Ads
173,73319,100260,2023-12-15,924.0,622,Unity Ads
174,73319,100260,2023-12-16,1455.0,622,Unity Ads
175,73319,100260,2023-12-17,1630.0,622,Unity Ads
176,73319,100260,2023-12-18,1156.0,622,Unity Ads
177,73319,100260,2023-12-19,1100.0,622,Unity Ads
178,73319,100260,2023-12-20,966.0,622,Unity Ads
179,73319,100260,2023-12-21,959.0,622,Unity Ads
180,73319,100260,2023-12-22,1214.0,622,Unity Ads
181,73319,100260,2023-12-23,1474.0,622,Unity Ads
182,73319,100260,2023-12-24,1537.0,622,Unity Ads
183,73319,100298,2023-10-25,5939.0,625,IronSource
184,73319,100298,2023-10-26,5844.0,625,IronSource
185,73319,100298,2023-10-27,7070.0,625,IronSource
186,73319,100298,2023-10-28,9149.0,625,IronSource
187,73319,100298,2023-10-29,9726.0,625,IronSource
188,73319,100298,2023-10-30,6759.0,625,IronSource
189,73319,100298,2023-10-31,6295.0,625,IronSource
190,73319,100298,2023-11-01,6413.0,625,IronSource
191,73319,100298,2023-11-02,7025.0,625,IronSource
192,73319,100298,2023-11-03,7697.0,625,IronSource
193,73319,100298,2023-11-04,9874.0,625,IronSource
194,73319,100298,2023-11-05,8827.0,625,IronSource
195,73319,100298,2023-11-06,5629.0,625,IronSource
196,73319,100298,2023-11-07,6545.0,625,IronSource
197,73319,100298,2023-11-08,5427.0,625,IronSource
198,73319,100298,2023-11-09,6345.0,625,IronSource
199,73319,100298,2023-11-10,8908.0,625,IronSource
200,73319,100298,2023-11-11,11187.0,625,IronSource
201,73319,100298,2023-11-12,9732.0,625,IronSource
202,73319,100298,2023-11-13,6385.0,625,IronSource
203,73319,100298,2023-11-14,6169.0,625,IronSource
204,73319,100298,2023-11-15,5763.0,625,IronSource
205,73319,100298,2023-11-16,5699.0,625,IronSource
206,73319,100298,2023-11-17,6677.0,625,IronSource
207,73319,100298,2023-11-18,10702.0,625,IronSource
208,73319,100298,2023-11-19,9341.0,625,IronSource
209,73319,100298,2023-11-20,6690.0,625,IronSource
210,73319,100298,2023-11-21,7171.0,625,IronSource
211,73319,100298,2023-11-22,9837.0,625,IronSource
212,73319,100298,2023-11-23,12572.0,625,IronSource
213,73319,100298,2023-11-24,11490.0,625,IronSource
214,73319,100298,2023-11-25,12503.0,625,IronSource
215,73319,100298,2023-11-26,10127.0,625,IronSource
216,73319,100298,2023-11-27,6090.0,625,IronSource
217,73319,100298,2023-11-28,5323.0,625,IronSource
218,73319,100298,2023-11-29,5499.0,625,IronSource
219,73319,100298,2023-11-30,5933.0,625,IronSource
220,73319,100298,2023-12-01,7477.0,625,IronSource
221,73319,100298,2023-12-02,11848.0,625,IronSource
222,73319,100298,2023-12-03,7993.0,625,IronSource
223,73319,100298,2023-12-04,4174.0,625,IronSource
224,73319,100298,2023-12-05,4119.0,625,IronSource
225,73319,100298,2023-12-06,4795.0,625,IronSource
226,73319,100298,2023-12-07,5635.0,625,IronSource
227,73319,100298,2023-12-08,6471.0,625,IronSource
228,73319,100298,2023-12-09,10361.0,625,IronSource
229,73319,100298,2023-12-10,8666.0,625,IronSource
230,73319,100298,2023-12-11,6011.0,625,IronSource
231,73319,100298,2023-12-12,8044.0,625,IronSource
232,73319,100298,2023-12-13,9531.0,625,IronSource
233,73319,100298,2023-12-14,10502.0,625,IronSource
234,73319,100298,2023-12-15,12189.0,625,IronSource
235,73319,100298,2023-12-16,16478.0,625,IronSource
236,73319,100298,2023-12-17,13902.0,625,IronSource
237,73319,100298,2023-12-18,9174.0,625,IronSource
238,73319,100298,2023-12-19,7779.0,625,IronSource
239,73319,100298,2023-12-20,7911.0,625,IronSource
240,73319,100298,2023-12-21,10176.0,625,IronSource
241,73319,100298,2023-12-22,11861.0,625,IronSource
242,73319,100298,2023-12-23,11672.0,625,IronSource
243,73319,100298,2023-12-24,11358.0,625,IronSource
244,73319,100331,2023-10-25,88.0,627,Cross Promotion
245,73319,100331,2023-10-26,100.0,627,Cross Promotion
246,73319,100331,2023-10-27,108.0,627,Cross Promotion
247,73319,100331,2023-10-28,137.0,627,Cross Promotion
248,73319,100331,2023-10-29,163.0,627,Cross Promotion
249,73319,100331,2023-10-30,99.0,627,Cross Promotion
250,73319,100331,2023-10-31,93.0,627,Cross Promotion
251,73319,100331,2023-11-01,93.0,627,Cross Promotion
252,73319,100331,2023-11-02,103.0,627,Cross Promotion
253,73319,100331,2023-11-03,120.0,627,Cross Promotion
254,73319,100331,2023-11-04,170.0,627,Cross Promotion
255,73319,100331,2023-11-05,157.0,627,Cross Promotion
256,73319,100331,2023-11-06,111.0,627,Cross Promotion
257,73319,100331,2023-11-07,105.0,627,Cross Promotion
258,73319,100331,2023-11-08,101.0,627,Cross Promotion
259,73319,100331,2023-11-09,106.0,627,Cross Promotion
260,73319,100331,2023-11-10,136.0,627,Cross Promotion
261,73319,100331,2023-11-11,206.0,627,Cross Promotion
262,73319,100331,2023-11-12,221.0,627,Cross Promotion
263,73319,100331,2023-11-13,154.0,627,Cross Promotion
264,73319,100331,2023-11-14,158.0,627,Cross Promotion
265,73319,100331,2023-11-15,144.0,627,Cross Promotion
266,73319,100331,2023-11-16,193.0,627,Cross Promotion
267,73319,100331,2023-11-17,207.0,627,Cross Promotion
268,73319,100331,2023-11-18,248.0,627,Cross Promotion
269,73319,100331,2023-11-19,252.0,627,Cross Promotion
270,73319,100331,2023-11-20,230.0,627,Cross Promotion
271,73319,100331,2023-11-21,187.0,627,Cross Promotion
272,73319,100331,2023-11-22,248.0,627,Cross Promotion
273,73319,100331,2023-11-23,267.0,627,Cross Promotion
274,73319,100331,2023-11-24,264.0,627,Cross Promotion
275,73319,100331,2023-11-25,255.0,627,Cross Promotion
276,73319,100331,2023-11-26,219.0,627,Cross Promotion
277,73319,100331,2023-11-27,160.0,627,Cross Promotion
278,73319,100331,2023-11-28,175.0,627,Cross Promotion
279,73319,100331,2023-11-29,144.0,627,Cross Promotion
280,73319,100331,2023-11-30,171.0,627,Cross Promotion
281,73319,100331,2023-12-01,193.0,627,Cross Promotion
282,73319,100331,2023-12-02,233.0,627,Cross Promotion
283,73319,100331,2023-12-03,234.0,627,Cross Promotion
284,73319,100331,2023-12-04,157.0,627,Cross Promotion
285,73319,100331,2023-12-05,130.0,627,Cross Promotion
286,73319,100331,2023-12-06,144.0,627,Cross Promotion
287,73319,100331,2023-12-07,191.0,627,Cross Promotion
288,73319,100331,2023-12-08,125.0,627,Cross Promotion
289,73319,100331,2023-12-09,159.0,627,Cross Promotion
290,73319,100331,2023-12-10,156.0,627,Cross Promotion
291,73319,100331,2023-12-11,151.0,627,Cross Promotion
292,73319,100331,2023-12-12,80.0,627,Cross Promotion
293,73319,100331,2023-12-13,89.0,627,Cross Promotion
294,73319,100331,2023-12-14,105.0,627,Cross Promotion
295,73319,100331,2023-12-15,165.0,627,Cross Promotion
296,73319,100331,2023-12-16,176.0,627,Cross Promotion
297,73319,100331,2023-12-17,174.0,627,Cross Promotion
298,73319,100331,2023-12-18,104.0,627,Cross Promotion
299,73319,100331,2023-12-19,94.0,627,Cross Promotion
300,73319,100331,2023-12-20,115.0,627,Cross Promotion
301,73319,100331,2023-12-21,98.0,627,Cross Promotion
302,73319,100331,2023-12-22,144.0,627,Cross Promotion
303,73319,100331,2023-12-23,159.0,627,Cross Promotion
304,73319,100331,2023-12-24,183.0,627,Cross Promotion
305,73319,100333,2023-10-25,273.0,628,Mintegral
306,73319,100333,2023-10-26,262.0,628,Mintegral
307,73319,100333,2023-10-27,350.0,628,Mintegral
308,73319,100333,2023-10-28,413.0,628,Mintegral
309,73319,100333,2023-10-29,482.0,628,Mintegral
310,73319,100333,2023-10-30,265.0,628,Mintegral
311,73319,100333,2023-10-31,296.0,628,Mintegral
312,73319,100333,2023-11-01,339.0,628,Mintegral
313,73319,100333,2023-11-02,420.0,628,Mintegral
314,73319,100333,2023-11-03,507.0,628,Mintegral
315,73319,100333,2023-11-04,490.0,628,Mintegral
316,73319,100333,2023-11-05,549.0,628,Mintegral
317,73319,100333,2023-11-06,252.0,628,Mintegral
318,73319,100333,2023-11-07,331.0,628,Mintegral
319,73319,100333,2023-11-08,326.0,628,Mintegral
320,73319,100333,2023-11-09,257.0,628,Mintegral
321,73319,100333,2023-11-10,377.0,628,Mintegral
322,73319,100333,2023-11-11,417.0,628,Mintegral
323,73319,100333,2023-11-12,482.0,628,Mintegral
324,73319,100333,2023-11-13,277.0,628,Mintegral
325,73319,100333,2023-11-14,306.0,628,Mintegral
326,73319,100333,2023-11-15,276.0,628,Mintegral
327,73319,100333,2023-11-16,265.0,628,Mintegral
328,73319,100333,2023-11-17,298.0,628,Mintegral
329,73319,100333,2023-11-18,393.0,628,Mintegral
330,73319,100333,2023-11-19,381.0,628,Mintegral
331,73319,100333,2023-11-20,257.0,628,Mintegral
332,73319,100333,2023-11-21,382.0,628,Mintegral
333,73319,100333,2023-11-22,475.0,628,Mintegral
334,73319,100333,2023-11-23,635.0,628,Mintegral
335,73319,100333,2023-11-24,355.0,628,Mintegral
336,73319,100333,2023-11-25,533.0,628,Mintegral
337,73319,100333,2023-11-26,298.0,628,Mintegral
338,73319,100333,2023-11-27,251.0,628,Mintegral
339,73319,100333,2023-11-28,381.0,628,Mintegral
340,73319,100333,2023-11-29,376.0,628,Mintegral
341,73319,100333,2023-11-30,451.0,628,Mintegral
342,73319,100333,2023-12-01,454.0,628,Mintegral
343,73319,100333,2023-12-02,560.0,628,Mintegral
344,73319,100333,2023-12-03,675.0,628,Mintegral
345,73319,100333,2023-12-04,447.0,628,Mintegral
346,73319,100333,2023-12-05,280.0,628,Mintegral
347,73319,100333,2023-12-06,496.0,628,Mintegral
348,73319,100333,2023-12-07,780.0,628,Mintegral
349,73319,100333,2023-12-08,735.0,628,Mintegral
350,73319,100333,2023-12-09,1068.0,628,Mintegral
351,73319,100333,2023-12-10,967.0,628,Mintegral
352,73319,100333,2023-12-11,886.0,628,Mintegral
353,73319,100333,2023-12-12,823.0,628,Mintegral
354,73319,100333,2023-12-13,956.0,628,Mintegral
355,73319,100333,2023-12-14,1417.0,628,Mintegral
356,73319,100333,2023-12-15,1038.0,628,Mintegral
357,73319,100333,2023-12-16,1513.0,628,Mintegral
358,73319,100333,2023-12-17,1362.0,628,Mintegral
359,73319,100333,2023-12-18,1279.0,628,Mintegral
360,73319,100333,2023-12-19,2181.0,628,Mintegral
361,73319,100333,2023-12-20,2187.0,628,Mintegral
362,73319,100333,2023-12-21,2108.0,628,Mintegral
363,73319,100333,2023-12-22,2631.0,628,Mintegral
364,73319,100333,2023-12-23,1893.0,628,Mintegral
365,73319,100333,2023-12-24,4563.0,628,Mintegral
366,73319,100404,2023-10-25,14.0,632,Google Ads
367,73319,100404,2023-10-26,13.0,632,Google Ads
368,73319,100404,2023-10-27,12.0,632,Google Ads
369,73319,100404,2023-10-28,11.0,632,Google Ads
370,73319,100404,2023-10-29,9.0,632,Google Ads
371,73319,100404,2023-10-30,3.0,632,Google Ads
372,73319,100404,2023-10-31,7.0,632,Google Ads
373,73319,100404,2023-11-01,2.0,632,Google Ads
374,73319,100404,2023-11-02,5.0,632,Google Ads
375,73319,100404,2023-11-03,6.0,632,Google Ads
376,73319,100404,2023-11-04,27.0,632,Google Ads
377,73319,100404,2023-11-05,20.0,632,Google Ads
378,73319,100404,2023-11-06,7.0,632,Google Ads
379,73319,100404,2023-11-07,8.0,632,Google Ads
380,73319,100404,2023-11-08,8.0,632,Google Ads
381,73319,100404,2023-11-09,11.0,632,Google Ads
382,73319,100404,2023-11-10,55.0,632,Google Ads
383,73319,100404,2023-11-11,53.0,632,Google Ads
384,73319,100404,2023-11-12,59.0,632,Google Ads
385,73319,100404,2023-11-13,113.0,632,Google Ads
386,73319,100404,2023-11-14,93.0,632,Google Ads
387,73319,100404,2023-11-15,118.0,632,Google Ads
388,73319,100404,2023-11-16,95.0,632,Google Ads
389,73319,100404,2023-11-17,121.0,632,Google Ads
390,73319,100404,2023-11-18,105.0,632,Google Ads
391,73319,100404,2023-11-19,59.0,632,Google Ads
392,73319,100404,2023-11-20,69.0,632,Google Ads
393,73319,100404,2023-11-21,43.0,632,Google Ads
394,73319,100404,2023-11-22,51.0,632,Google Ads
395,73319,100404,2023-11-23,24.0,632,Google Ads
396,73319,100404,2023-11-24,28.0,632,Google Ads
397,73319,100404,2023-11-25,21.0,632,Google Ads
398,73319,100404,2023-11-26,31.0,632,Google Ads
399,73319,100404,2023-11-27,44.0,632,Google Ads
400,73319,100404,2023-11-28,24.0,632,Google Ads
401,73319,100404,2023-11-29,18.0,632,Google Ads
402,73319,100404,2023-11-30,29.0,632,Google Ads
403,73319,100404,2023-12-01,54.0,632,Google Ads
404,73319,100404,2023-12-02,115.0,632,Google Ads
405,73319,100404,2023-12-03,143.0,632,Google Ads
406,73319,100404,2023-12-04,94.0,632,Google Ads
407,73319,100404,2023-12-05,122.0,632,Google Ads
408,73319,100404,2023-12-06,54.0,632,Google Ads
409,73319,100404,2023-12-07,32.0,632,Google Ads
410,73319,100404,2023-12-08,37.0,632,Google Ads
411,73319,100404,2023-12-09,49.0,632,Google Ads
412,73319,100404,2023-12-10,28.0,632,Google Ads
413,73319,100404,2023-12-11,0.0,632,Google Ads
414,73319,100404,2023-12-12,18.0,632,Google Ads
415,73319,100404,2023-12-13,21.0,632,Google Ads
416,73319,100404,2023-12-14,29.0,632,Google Ads
417,73319,100404,2023-12-15,33.0,632,Google Ads
418,73319,100404,2023-12-16,25.0,632,Google Ads
419,73319,100404,2023-12-17,24.0,632,Google Ads
420,73319,100404,2023-12-18,35.0,632,Google Ads
421,73319,100404,2023-12-19,20.0,632,Google Ads
422,73319,100404,2023-12-20,19.0,632,Google Ads
423,73319,100404,2023-12-21,18.0,632,Google Ads
424,73319,100404,2023-12-22,33.0,632,Google Ads
425,73319,100404,2023-12-23,68.0,632,Google Ads
426,73319,100404,2023-12-24,62.0,632,Google Ads
427,73329,9999,2023-10-25,1767.0,612,Organic
428,73329,9999,2023-10-26,2073.0,612,Organic
429,73329,9999,2023-10-27,2513.0,612,Organic
430,73329,9999,2023-10-28,3031.0,612,Organic
431,73329,9999,2023-10-29,2421.0,612,Organic
432,73329,9999,2023-10-30,1491.0,612,Organic
433,73329,9999,2023-10-31,1661.0,612,Organic
434,73329,9999,2023-11-01,1913.0,612,Organic
435,73329,9999,2023-11-02,2807.0,612,Organic
436,73329,9999,2023-11-03,3115.0,612,Organic
437,73329,9999,2023-11-04,3685.0,612,Organic
438,73329,9999,2023-11-05,3045.0,612,Organic
439,73329,9999,2023-11-06,1518.0,612,Organic
440,73329,9999,2023-11-07,2008.0,612,Organic
441,73329,9999,2023-11-08,1789.0,612,Organic
442,73329,9999,2023-11-09,1917.0,612,Organic
443,73329,9999,2023-11-10,2620.0,612,Organic
444,73329,9999,2023-11-11,3890.0,612,Organic
445,73329,9999,2023-11-12,3609.0,612,Organic
446,73329,9999,2023-11-13,1700.0,612,Organic
447,73329,9999,2023-11-14,1839.0,612,Organic
448,73329,9999,2023-11-15,1834.0,612,Organic
449,73329,9999,2023-11-16,2146.0,612,Organic
450,73329,9999,2023-11-17,2761.0,612,Organic
451,73329,9999,2023-11-18,3681.0,612,Organic
452,73329,9999,2023-11-19,3395.0,612,Organic
453,73329,9999,2023-11-20,1896.0,612,Organic
454,73329,9999,2023-11-21,2096.0,612,Organic
455,73329,9999,2023-11-22,2293.0,612,Organic
456,73329,9999,2023-11-23,2660.0,612,Organic
457,73329,9999,2023-11-24,2828.0,612,Organic
458,73329,9999,2023-11-25,3032.0,612,Organic
459,73329,9999,2023-11-26,3098.0,612,Organic
460,73329,9999,2023-11-27,1888.0,612,Organic
461,73329,9999,2023-11-28,1914.0,612,Organic
462,73329,9999,2023-11-29,1609.0,612,Organic
463,73329,9999,2023-11-30,1783.0,612,Organic
464,73329,9999,2023-12-01,2148.0,612,Organic
465,73329,9999,2023-12-02,2747.0,612,Organic
466,73329,9999,2023-12-03,2477.0,612,Organic
467,73329,9999,2023-12-04,1323.0,612,Organic
468,73329,9999,2023-12-05,1995.0,612,Organic
469,73329,9999,2023-12-06,2046.0,612,Organic
470,73329,9999,2023-12-07,2081.0,612,Organic
471,73329,9999,2023-12-08,2086.0,612,Organic
472,73329,9999,2023-12-09,3457.0,612,Organic
473,73329,9999,2023-12-10,2707.0,612,Organic
474,73329,9999,2023-12-11,1699.0,612,Organic
475,73329,9999,2023-12-12,1620.0,612,Organic
476,73329,9999,2023-12-13,1419.0,612,Organic
477,73329,9999,2023-12-14,1358.0,612,Organic
478,73329,9999,2023-12-15,1661.0,612,Organic
479,73329,9999,2023-12-16,2337.0,612,Organic
480,73329,9999,2023-12-17,2098.0,612,Organic
481,73329,9999,2023-12-18,1378.0,612,Organic
482,73329,9999,2023-12-19,1408.0,612,Organic
483,73329,9999,2023-12-20,1708.0,612,Organic
484,73329,9999,2023-12-21,2045.0,612,Organic
485,73329,9999,2023-12-22,2304.0,612,Organic
486,73329,9999,2023-12-23,3005.0,612,Organic
487,73329,9999,2023-12-24,2793.0,612,Organic
488,73329,100224,2023-10-25,12.0,617,Applovin
489,73329,100224,2023-10-26,8.0,617,Applovin
490,73329,100224,2023-10-27,16.0,617,Applovin
491,73329,100224,2023-10-28,19.0,617,Applovin
492,73329,100224,2023-10-29,18.0,617,Applovin
493,73329,100224,2023-10-30,15.0,617,Applovin
494,73329,100224,2023-10-31,12.0,617,Applovin
495,73329,100224,2023-11-01,11.0,617,Applovin
496,73329,100224,2023-11-02,10.0,617,Applovin
497,73329,100224,2023-11-03,9.0,617,Applovin
498,73329,100224,2023-11-04,5.0,617,Applovin
499,73329,100224,2023-11-05,6.0,617,Applovin
500,73329,100224,2023-11-06,17.0,617,Applovin
501,73329,100224,2023-11-07,12.0,617,Applovin
502,73329,100224,2023-11-08,16.0,617,Applovin
503,73329,100224,2023-11-09,14.0,617,Applovin
504,73329,100224,2023-11-10,26.0,617,Applovin
505,73329,100224,2023-11-11,123.0,617,Applovin
506,73329,100224,2023-11-12,243.0,617,Applovin
507,73329,100224,2023-11-13,385.0,617,Applovin
508,73329,100224,2023-11-14,679.0,617,Applovin
509,73329,100224,2023-11-15,923.0,617,Applovin
510,73329,100224,2023-11-16,837.0,617,Applovin
511,73329,100224,2023-11-17,707.0,617,Applovin
512,73329,100224,2023-11-18,540.0,617,Applovin
513,73329,100224,2023-11-19,434.0,617,Applovin
514,73329,100224,2023-11-20,762.0,617,Applovin
515,73329,100224,2023-11-21,1029.0,617,Applovin
516,73329,100224,2023-11-22,1029.0,617,Applovin
517,73329,100224,2023-11-23,1031.0,617,Applovin
518,73329,100224,2023-11-24,942.0,617,Applovin
519,73329,100224,2023-11-25,825.0,617,Applovin
520,73329,100224,2023-11-26,621.0,617,Applovin
521,73329,100224,2023-11-27,1441.0,617,Applovin
522,73329,100224,2023-11-28,2980.0,617,Applovin
523,73329,100224,2023-11-29,2512.0,617,Applovin
524,73329,100224,2023-11-30,1515.0,617,Applovin
525,73329,100224,2023-12-01,1003.0,617,Applovin
526,73329,100224,2023-12-02,776.0,617,Applovin
527,73329,100224,2023-12-03,718.0,617,Applovin
528,73329,100224,2023-12-04,779.0,617,Applovin
529,73329,100224,2023-12-05,658.0,617,Applovin
530,73329,100224,2023-12-06,546.0,617,Applovin
531,73329,100224,2023-12-07,502.0,617,Applovin
532,73329,100224,2023-12-08,502.0,617,Applovin
533,73329,100224,2023-12-09,330.0,617,Applovin
534,73329,100224,2023-12-10,216.0,617,Applovin
535,73329,100224,2023-12-11,241.0,617,Applovin
536,73329,100224,2023-12-12,306.0,617,Applovin
537,73329,100224,2023-12-13,249.0,617,Applovin
538,73329,100224,2023-12-14,180.0,617,Applovin
539,73329,100224,2023-12-15,138.0,617,Applovin
540,73329,100224,2023-12-16,88.0,617,Applovin
541,73329,100224,2023-12-17,123.0,617,Applovin
542,73329,100224,2023-12-18,131.0,617,Applovin
543,73329,100224,2023-12-19,108.0,617,Applovin
544,73329,100224,2023-12-20,87.0,617,Applovin
545,73329,100224,2023-12-21,71.0,617,Applovin
546,73329,100224,2023-12-22,62.0,617,Applovin
547,73329,100224,2023-12-23,59.0,617,Applovin
548,73329,100224,2023-12-24,57.0,617,Applovin
549,73329,100260,2023-10-25,336.0,622,Unity Ads
550,73329,100260,2023-10-26,322.0,622,Unity Ads
551,73329,100260,2023-10-27,444.0,622,Unity Ads
552,73329,100260,2023-10-28,437.0,622,Unity Ads
553,73329,100260,2023-10-29,417.0,622,Unity Ads
554,73329,100260,2023-10-30,405.0,622,Unity Ads
555,73329,100260,2023-10-31,308.0,622,Unity Ads
556,73329,100260,2023-11-01,457.0,622,Unity Ads
557,73329,100260,2023-11-02,470.0,622,Unity Ads
558,73329,100260,2023-11-03,579.0,622,Unity Ads
559,73329,100260,2023-11-04,517.0,622,Unity Ads
560,73329,100260,2023-11-05,484.0,622,Unity Ads
561,73329,100260,2023-11-06,418.0,622,Unity Ads
562,73329,100260,2023-11-07,347.0,622,Unity Ads
563,73329,100260,2023-11-08,358.0,622,Unity Ads
564,73329,100260,2023-11-09,354.0,622,Unity Ads
565,73329,100260,2023-11-10,425.0,622,Unity Ads
566,73329,100260,2023-11-11,596.0,622,Unity Ads
567,73329,100260,2023-11-12,669.0,622,Unity Ads
568,73329,100260,2023-11-13,470.0,622,Unity Ads
569,73329,100260,2023-11-14,412.0,622,Unity Ads
570,73329,100260,2023-11-15,420.0,622,Unity Ads
571,73329,100260,2023-11-16,450.0,622,Unity Ads
572,73329,100260,2023-11-17,761.0,622,Unity Ads
573,73329,100260,2023-11-18,1090.0,622,Unity Ads
574,73329,100260,2023-11-19,1316.0,622,Unity Ads
575,73329,100260,2023-11-20,827.0,622,Unity Ads
576,73329,100260,2023-11-21,584.0,622,Unity Ads
577,73329,100260,2023-11-22,771.0,622,Unity Ads
578,73329,100260,2023-11-23,969.0,622,Unity Ads
579,73329,100260,2023-11-24,1057.0,622,Unity Ads
580,73329,100260,2023-11-25,1236.0,622,Unity Ads
581,73329,100260,2023-11-26,1529.0,622,Unity Ads
582,73329,100260,2023-11-27,867.0,622,Unity Ads
583,73329,100260,2023-11-28,649.0,622,Unity Ads
584,73329,100260,2023-11-29,670.0,622,Unity Ads
585,73329,100260,2023-11-30,713.0,622,Unity Ads
586,73329,100260,2023-12-01,1331.0,622,Unity Ads
587,73329,100260,2023-12-02,1793.0,622,Unity Ads
588,73329,100260,2023-12-03,1233.0,622,Unity Ads
589,73329,100260,2023-12-04,783.0,622,Unity Ads
590,73329,100260,2023-12-05,651.0,622,Unity Ads
591,73329,100260,2023-12-06,855.0,622,Unity Ads
592,73329,100260,2023-12-07,1015.0,622,Unity Ads
593,73329,100260,2023-12-08,1230.0,622,Unity Ads
594,73329,100260,2023-12-09,1572.0,622,Unity Ads
595,73329,100260,2023-12-10,1766.0,622,Unity Ads
596,73329,100260,2023-12-11,891.0,622,Unity Ads
597,73329,100260,2023-12-12,928.0,622,Unity Ads
598,73329,100260,2023-12-13,805.0,622,Unity Ads
599,73329,100260,2023-12-14,981.0,622,Unity Ads
600,73329,100260,2023-12-15,1284.0,622,Unity Ads
601,73329,100260,2023-12-16,2072.0,622,Unity Ads
602,73329,100260,2023-12-17,2116.0,622,Unity Ads
603,73329,100260,2023-12-18,1348.0,622,Unity Ads
604,73329,100260,2023-12-19,1279.0,622,Unity Ads
605,73329,100260,2023-12-20,1260.0,622,Unity Ads
606,73329,100260,2023-12-21,1329.0,622,Unity Ads
607,73329,100260,2023-12-22,1630.0,622,Unity Ads
608,73329,100260,2023-12-23,2051.0,622,Unity Ads
609,73329,100260,2023-12-24,1999.0,622,Unity Ads
610,73329,100298,2023-10-25,4391.0,625,IronSource
611,73329,100298,2023-10-26,4571.0,625,IronSource
612,73329,100298,2023-10-27,5659.0,625,IronSource
613,73329,100298,2023-10-28,7763.0,625,IronSource
614,73329,100298,2023-10-29,7846.0,625,IronSource
615,73329,100298,2023-10-30,5001.0,625,IronSource
616,73329,100298,2023-10-31,4700.0,625,IronSource
617,73329,100298,2023-11-01,5160.0,625,IronSource
618,73329,100298,2023-11-02,5093.0,625,IronSource
619,73329,100298,2023-11-03,6265.0,625,IronSource
620,73329,100298,2023-11-04,9411.0,625,IronSource
621,73329,100298,2023-11-05,8934.0,625,IronSource
622,73329,100298,2023-11-06,4590.0,625,IronSource
623,73329,100298,2023-11-07,4722.0,625,IronSource
624,73329,100298,2023-11-08,4062.0,625,IronSource
625,73329,100298,2023-11-09,4157.0,625,IronSource
626,73329,100298,2023-11-10,5901.0,625,IronSource
627,73329,100298,2023-11-11,8871.0,625,IronSource
628,73329,100298,2023-11-12,7675.0,625,IronSource
629,73329,100298,2023-11-13,5141.0,625,IronSource
630,73329,100298,2023-11-14,4998.0,625,IronSource
631,73329,100298,2023-11-15,4741.0,625,IronSource
632,73329,100298,2023-11-16,4266.0,625,IronSource
633,73329,100298,2023-11-17,4817.0,625,IronSource
634,73329,100298,2023-11-18,7759.0,625,IronSource
635,73329,100298,2023-11-19,7884.0,625,IronSource
636,73329,100298,2023-11-20,5269.0,625,IronSource
637,73329,100298,2023-11-21,4798.0,625,IronSource
638,73329,100298,2023-11-22,6308.0,625,IronSource
639,73329,100298,2023-11-23,8429.0,625,IronSource
640,73329,100298,2023-11-24,8051.0,625,IronSource
641,73329,100298,2023-11-25,7507.0,625,IronSource
642,73329,100298,2023-11-26,7866.0,625,IronSource
643,73329,100298,2023-11-27,6718.0,625,IronSource
644,73329,100298,2023-11-28,5397.0,625,IronSource
645,73329,100298,2023-11-29,4481.0,625,IronSource
646,73329,100298,2023-11-30,4640.0,625,IronSource
647,73329,100298,2023-12-01,6310.0,625,IronSource
648,73329,100298,2023-12-02,8764.0,625,IronSource
649,73329,100298,2023-12-03,8346.0,625,IronSource
650,73329,100298,2023-12-04,4954.0,625,IronSource
651,73329,100298,2023-12-05,4209.0,625,IronSource
652,73329,100298,2023-12-06,4408.0,625,IronSource
653,73329,100298,2023-12-07,4931.0,625,IronSource
654,73329,100298,2023-12-08,5965.0,625,IronSource
655,73329,100298,2023-12-09,8787.0,625,IronSource
656,73329,100298,2023-12-10,6009.0,625,IronSource
657,73329,100298,2023-12-11,4118.0,625,IronSource
658,73329,100298,2023-12-12,3914.0,625,IronSource
659,73329,100298,2023-12-13,3977.0,625,IronSource
660,73329,100298,2023-12-14,3709.0,625,IronSource
661,73329,100298,2023-12-15,4803.0,625,IronSource
662,73329,100298,2023-12-16,7205.0,625,IronSource
663,73329,100298,2023-12-17,6533.0,625,IronSource
664,73329,100298,2023-12-18,4445.0,625,IronSource
665,73329,100298,2023-12-19,4299.0,625,IronSource
666,73329,100298,2023-12-20,3621.0,625,IronSource
667,73329,100298,2023-12-21,4339.0,625,IronSource
668,73329,100298,2023-12-22,5445.0,625,IronSource
669,73329,100298,2023-12-23,6188.0,625,IronSource
670,73329,100298,2023-12-24,6459.0,625,IronSource
671,73329,100333,2023-10-25,1099.0,628,Mintegral
672,73329,100333,2023-10-26,1325.0,628,Mintegral
673,73329,100333,2023-10-27,1580.0,628,Mintegral
674,73329,100333,2023-10-28,1849.0,628,Mintegral
675,73329,100333,2023-10-29,2445.0,628,Mintegral
676,73329,100333,2023-10-30,1824.0,628,Mintegral
677,73329,100333,2023-10-31,1861.0,628,Mintegral
678,73329,100333,2023-11-01,1659.0,628,Mintegral
679,73329,100333,2023-11-02,1240.0,628,Mintegral
680,73329,100333,2023-11-03,1738.0,628,Mintegral
681,73329,100333,2023-11-04,1847.0,628,Mintegral
682,73329,100333,2023-11-05,1853.0,628,Mintegral
683,73329,100333,2023-11-06,1678.0,628,Mintegral
684,73329,100333,2023-11-07,1583.0,628,Mintegral
685,73329,100333,2023-11-08,1285.0,628,Mintegral
686,73329,100333,2023-11-09,1736.0,628,Mintegral
687,73329,100333,2023-11-10,2554.0,628,Mintegral
688,73329,100333,2023-11-11,3498.0,628,Mintegral
689,73329,100333,2023-11-12,2997.0,628,Mintegral
690,73329,100333,2023-11-13,1884.0,628,Mintegral
691,73329,100333,2023-11-14,1859.0,628,Mintegral
692,73329,100333,2023-11-15,1853.0,628,Mintegral
693,73329,100333,2023-11-16,1914.0,628,Mintegral
694,73329,100333,2023-11-17,2301.0,628,Mintegral
695,73329,100333,2023-11-18,2673.0,628,Mintegral
696,73329,100333,2023-11-19,2660.0,628,Mintegral
697,73329,100333,2023-11-20,2260.0,628,Mintegral
698,73329,100333,2023-11-21,2136.0,628,Mintegral
699,73329,100333,2023-11-22,2479.0,628,Mintegral
700,73329,100333,2023-11-23,2863.0,628,Mintegral
701,73329,100333,2023-11-24,1937.0,628,Mintegral
702,73329,100333,2023-11-25,2245.0,628,Mintegral
703,73329,100333,2023-11-26,2457.0,628,Mintegral
704,73329,100333,2023-11-27,1894.0,628,Mintegral
705,73329,100333,2023-11-28,1751.0,628,Mintegral
706,73329,100333,2023-11-29,1046.0,628,Mintegral
707,73329,100333,2023-11-30,1129.0,628,Mintegral
708,73329,100333,2023-12-01,1624.0,628,Mintegral
709,73329,100333,2023-12-02,1616.0,628,Mintegral
710,73329,100333,2023-12-03,2261.0,628,Mintegral
711,73329,100333,2023-12-04,1316.0,628,Mintegral
712,73329,100333,2023-12-05,1194.0,628,Mintegral
713,73329,100333,2023-12-06,1114.0,628,Mintegral
714,73329,100333,2023-12-07,1278.0,628,Mintegral
715,73329,100333,2023-12-08,1281.0,628,Mintegral
716,73329,100333,2023-12-09,1370.0,628,Mintegral
717,73329,100333,2023-12-10,1173.0,628,Mintegral
718,73329,100333,2023-12-11,787.0,628,Mintegral
719,73329,100333,2023-12-12,904.0,628,Mintegral
720,73329,100333,2023-12-13,793.0,628,Mintegral
721,73329,100333,2023-12-14,1149.0,628,Mintegral
722,73329,100333,2023-12-15,1365.0,628,Mintegral
723,73329,100333,2023-12-16,1610.0,628,Mintegral
724,73329,100333,2023-12-17,1604.0,628,Mintegral
725,73329,100333,2023-12-18,1476.0,628,Mintegral
726,73329,100333,2023-12-19,1525.0,628,Mintegral
727,73329,100333,2023-12-20,1412.0,628,Mintegral
728,73329,100333,2023-12-21,1560.0,628,Mintegral
729,73329,100333,2023-12-22,1007.0,628,Mintegral
730,73329,100333,2023-12-23,1629.0,628,Mintegral
731,73329,100333,2023-12-24,2927.0,628,Mintegral
732,73329,100404,2023-10-25,447.0,632,Google Ads
733,73329,100404,2023-10-26,416.0,632,Google Ads
734,73329,100404,2023-10-27,312.0,632,Google Ads
735,73329,100404,2023-10-28,415.0,632,Google Ads
736,73329,100404,2023-10-29,575.0,632,Google Ads
737,73329,100404,2023-10-30,283.0,632,Google Ads
738,73329,100404,2023-10-31,268.0,632,Google Ads
739,73329,100404,2023-11-01,273.0,632,Google Ads
740,73329,100404,2023-11-02,141.0,632,Google Ads
741,73329,100404,2023-11-03,151.0,632,Google Ads
742,73329,100404,2023-11-04,218.0,632,Google Ads
743,73329,100404,2023-11-05,232.0,632,Google Ads
744,73329,100404,2023-11-06,113.0,632,Google Ads
745,73329,100404,2023-11-07,184.0,632,Google Ads
746,73329,100404,2023-11-08,96.0,632,Google Ads
747,73329,100404,2023-11-09,273.0,632,Google Ads
748,73329,100404,2023-11-10,98.0,632,Google Ads
749,73329,100404,2023-11-11,122.0,632,Google Ads
750,73329,100404,2023-11-12,181.0,632,Google Ads
751,73329,100404,2023-11-13,99.0,632,Google Ads
752,73329,100404,2023-11-14,190.0,632,Google Ads
753,73329,100404,2023-11-15,230.0,632,Google Ads
754,73329,100404,2023-11-16,162.0,632,Google Ads
755,73329,100404,2023-11-17,133.0,632,Google Ads
756,73329,100404,2023-11-18,227.0,632,Google Ads
757,73329,100404,2023-11-19,274.0,632,Google Ads
758,73329,100404,2023-11-20,259.0,632,Google Ads
759,73329,100404,2023-11-21,268.0,632,Google Ads
760,73329,100404,2023-11-22,245.0,632,Google Ads
761,73329,100404,2023-11-23,288.0,632,Google Ads
762,73329,100404,2023-11-24,385.0,632,Google Ads
763,73329,100404,2023-11-25,402.0,632,Google Ads
764,73329,100404,2023-11-26,321.0,632,Google Ads
765,73329,100404,2023-11-27,419.0,632,Google Ads
766,73329,100404,2023-11-28,208.0,632,Google Ads
767,73329,100404,2023-11-29,240.0,632,Google Ads
768,73329,100404,2023-11-30,274.0,632,Google Ads
769,73329,100404,2023-12-01,313.0,632,Google Ads
770,73329,100404,2023-12-02,520.0,632,Google Ads
771,73329,100404,2023-12-03,407.0,632,Google Ads
772,73329,100404,2023-12-04,373.0,632,Google Ads
773,73329,100404,2023-12-05,245.0,632,Google Ads
774,73329,100404,2023-12-06,188.0,632,Google Ads
775,73329,100404,2023-12-07,171.0,632,Google Ads
776,73329,100404,2023-12-08,236.0,632,Google Ads
777,73329,100404,2023-12-09,103.0,632,Google Ads
778,73329,100404,2023-12-10,119.0,632,Google Ads
779,73329,100404,2023-12-11,13.0,632,Google Ads
780,73329,100404,2023-12-12,149.0,632,Google Ads
781,73329,100404,2023-12-13,182.0,632,Google Ads
782,73329,100404,2023-12-14,246.0,632,Google Ads
783,73329,100404,2023-12-15,472.0,632,Google Ads
784,73329,100404,2023-12-16,672.0,632,Google Ads
785,73329,100404,2023-12-17,420.0,632,Google Ads
786,73329,100404,2023-12-18,363.0,632,Google Ads
787,73329,100404,2023-12-19,265.0,632,Google Ads
788,73329,100404,2023-12-20,202.0,632,Google Ads
789,73329,100404,2023-12-21,138.0,632,Google Ads
790,73329,100404,2023-12-22,170.0,632,Google Ads
791,73329,100404,2023-12-23,264.0,632,Google Ads
792,73329,100404,2023-12-24,253.0,632,Google Ads
793,73329,100443,2023-10-25,124.0,633,Bytedance
794,73329,100443,2023-10-26,115.0,633,Bytedance
795,73329,100443,2023-10-27,163.0,633,Bytedance
796,73329,100443,2023-10-28,799.0,633,Bytedance
797,73329,100443,2023-10-29,784.0,633,Bytedance
798,73329,100443,2023-10-30,435.0,633,Bytedance
799,73329,100443,2023-10-31,292.0,633,Bytedance
800,73329,100443,2023-11-01,294.0,633,Bytedance
801,73329,100443,2023-11-02,395.0,633,Bytedance
802,73329,100443,2023-11-03,448.0,633,Bytedance
803,73329,100443,2023-11-04,993.0,633,Bytedance
804,73329,100443,2023-11-05,1073.0,633,Bytedance
805,73329,100443,2023-11-06,618.0,633,Bytedance
806,73329,100443,2023-11-07,438.0,633,Bytedance
807,73329,100443,2023-11-08,432.0,633,Bytedance
808,73329,100443,2023-11-09,341.0,633,Bytedance
809,73329,100443,2023-11-10,336.0,633,Bytedance
810,73329,100443,2023-11-11,796.0,633,Bytedance
811,73329,100443,2023-11-12,799.0,633,Bytedance
812,73329,100443,2023-11-13,403.0,633,Bytedance
813,73329,100443,2023-11-14,242.0,633,Bytedance
814,73329,100443,2023-11-15,193.0,633,Bytedance
815,73329,100443,2023-11-16,158.0,633,Bytedance
816,73329,100443,2023-11-17,194.0,633,Bytedance
817,73329,100443,2023-11-18,686.0,633,Bytedance
818,73329,100443,2023-11-19,692.0,633,Bytedance
819,73329,100443,2023-11-20,391.0,633,Bytedance
820,73329,100443,2023-11-21,195.0,633,Bytedance
821,73329,100443,2023-11-22,151.0,633,Bytedance
822,73329,100443,2023-11-23,177.0,633,Bytedance
823,73329,100443,2023-11-24,177.0,633,Bytedance
824,73329,100443,2023-11-25,400.0,633,Bytedance
825,73329,100443,2023-11-26,426.0,633,Bytedance
826,73329,100443,2023-11-27,210.0,633,Bytedance
827,73329,100443,2023-11-28,131.0,633,Bytedance
828,73329,100443,2023-11-29,138.0,633,Bytedance
829,73329,100443,2023-11-30,128.0,633,Bytedance
830,73329,100443,2023-12-01,119.0,633,Bytedance
831,73329,100443,2023-12-02,400.0,633,Bytedance
832,73329,100443,2023-12-03,370.0,633,Bytedance
833,73329,100443,2023-12-04,143.0,633,Bytedance
834,73329,100443,2023-12-05,97.0,633,Bytedance
835,73329,100443,2023-12-06,117.0,633,Bytedance
836,73329,100443,2023-12-07,105.0,633,Bytedance
837,73329,100443,2023-12-08,116.0,633,Bytedance
838,73329,100443,2023-12-09,323.0,633,Bytedance
839,73329,100443,2023-12-10,350.0,633,Bytedance
840,73329,100443,2023-12-11,177.0,633,Bytedance
841,73329,100443,2023-12-12,131.0,633,Bytedance
842,73329,100443,2023-12-13,127.0,633,Bytedance
843,73329,100443,2023-12-14,125.0,633,Bytedance
844,73329,100443,2023-12-15,109.0,633,Bytedance
845,73329,100443,2023-12-16,476.0,633,Bytedance
846,73329,100443,2023-12-17,401.0,633,Bytedance
847,73329,100443,2023-12-18,210.0,633,Bytedance
848,73329,100443,2023-12-19,118.0,633,Bytedance
849,73329,100443,2023-12-20,122.0,633,Bytedance
850,73329,100443,2023-12-21,189.0,633,Bytedance
851,73329,100443,2023-12-22,198.0,633,Bytedance
852,73329,100443,2023-12-23,611.0,633,Bytedance
853,73329,100443,2023-12-24,752.0,633,Bytedance
854,77716,9999,2023-10-25,717.0,612,Organic
855,77716,9999,2023-10-26,718.0,612,Organic
856,77716,9999,2023-10-27,1038.0,612,Organic
857,77716,9999,2023-10-28,1022.0,612,Organic
858,77716,9999,2023-10-29,1383.0,612,Organic
859,77716,9999,2023-10-30,1441.0,612,Organic
860,77716,9999,2023-10-31,1269.0,612,Organic
861,77716,9999,2023-11-01,1216.0,612,Organic
862,77716,9999,2023-11-02,1422.0,612,Organic
863,77716,9999,2023-11-03,1708.0,612,Organic
864,77716,9999,2023-11-04,1869.0,612,Organic
865,77716,9999,2023-11-05,1857.0,612,Organic
866,77716,9999,2023-11-06,1411.0,612,Organic
867,77716,9999,2023-11-07,1407.0,612,Organic
868,77716,9999,2023-11-08,1690.0,612,Organic
869,77716,9999,2023-11-09,1631.0,612,Organic
870,77716,9999,2023-11-10,1671.0,612,Organic
871,77716,9999,2023-11-11,1761.0,612,Organic
872,77716,9999,2023-11-12,1706.0,612,Organic
873,77716,9999,2023-11-13,1697.0,612,Organic
874,77716,9999,2023-11-14,1577.0,612,Organic
875,77716,9999,2023-11-15,1389.0,612,Organic
876,77716,9999,2023-11-16,1208.0,612,Organic
877,77716,9999,2023-11-17,1413.0,612,Organic
878,77716,9999,2023-11-18,1186.0,612,Organic
879,77716,9999,2023-11-19,1105.0,612,Organic
880,77716,9999,2023-11-20,953.0,612,Organic
881,77716,9999,2023-11-21,941.0,612,Organic
882,77716,9999,2023-11-22,1096.0,612,Organic
883,77716,9999,2023-11-23,1183.0,612,Organic
884,77716,9999,2023-11-24,1442.0,612,Organic
885,77716,9999,2023-11-25,1195.0,612,Organic
886,77716,9999,2023-11-26,1107.0,612,Organic
887,77716,9999,2023-11-27,971.0,612,Organic
888,77716,9999,2023-11-28,1100.0,612,Organic
889,77716,9999,2023-11-29,1174.0,612,Organic
890,77716,9999,2023-11-30,1403.0,612,Organic
891,77716,9999,2023-12-01,1400.0,612,Organic
892,77716,9999,2023-12-02,1505.0,612,Organic
893,77716,9999,2023-12-03,1344.0,612,Organic
894,77716,9999,2023-12-04,1056.0,612,Organic
895,77716,9999,2023-12-05,1039.0,612,Organic
896,77716,9999,2023-12-06,1081.0,612,Organic
897,77716,9999,2023-12-07,1285.0,612,Organic
898,77716,9999,2023-12-08,1349.0,612,Organic
899,77716,9999,2023-12-09,1263.0,612,Organic
900,77716,9999,2023-12-10,1283.0,612,Organic
901,77716,9999,2023-12-11,1088.0,612,Organic
902,77716,9999,2023-12-12,1095.0,612,Organic
903,77716,9999,2023-12-13,1164.0,612,Organic
904,77716,9999,2023-12-14,1352.0,612,Organic
905,77716,9999,2023-12-15,1571.0,612,Organic
906,77716,9999,2023-12-16,1438.0,612,Organic
907,77716,9999,2023-12-17,1332.0,612,Organic
908,77716,9999,2023-12-18,1130.0,612,Organic
909,77716,9999,2023-12-19,1080.0,612,Organic
910,77716,9999,2023-12-20,1138.0,612,Organic
911,77716,9999,2023-12-21,1216.0,612,Organic
912,77716,9999,2023-12-22,1259.0,612,Organic
913,77716,9999,2023-12-23,1210.0,612,Organic
914,77716,9999,2023-12-24,1357.0,612,Organic
915,77716,100260,2023-10-25,10051.0,622,Unity Ads
916,77716,100260,2023-10-26,11553.0,622,Unity Ads
917,77716,100260,2023-10-27,10711.0,622,Unity Ads
918,77716,100260,2023-10-28,12089.0,622,Unity Ads
919,77716,100260,2023-10-29,12407.0,622,Unity Ads
920,77716,100260,2023-10-30,10516.0,622,Unity Ads
921,77716,100260,2023-10-31,11028.0,622,Unity Ads
922,77716,100260,2023-11-01,11301.0,622,Unity Ads
923,77716,100260,2023-11-02,11330.0,622,Unity Ads
924,77716,100260,2023-11-03,11417.0,622,Unity Ads
925,77716,100260,2023-11-04,13445.0,622,Unity Ads
926,77716,100260,2023-11-05,16002.0,622,Unity Ads
927,77716,100260,2023-11-06,12287.0,622,Unity Ads
928,77716,100260,2023-11-07,11457.0,622,Unity Ads
929,77716,100260,2023-11-08,11431.0,622,Unity Ads
930,77716,100260,2023-11-09,12240.0,622,Unity Ads
931,77716,100260,2023-11-10,11531.0,622,Unity Ads
932,77716,100260,2023-11-11,15110.0,622,Unity Ads
933,77716,100260,2023-11-12,13133.0,622,Unity Ads
934,77716,100260,2023-11-13,11155.0,622,Unity Ads
935,77716,100260,2023-11-14,11959.0,622,Unity Ads
936,77716,100260,2023-11-15,11045.0,622,Unity Ads
937,77716,100260,2023-11-16,11460.0,622,Unity Ads
938,77716,100260,2023-11-17,11243.0,622,Unity Ads
939,77716,100260,2023-11-18,13197.0,622,Unity Ads
940,77716,100260,2023-11-19,12136.0,622,Unity Ads
941,77716,100260,2023-11-20,9817.0,622,Unity Ads
942,77716,100260,2023-11-21,10166.0,622,Unity Ads
943,77716,100260,2023-11-22,10187.0,622,Unity Ads
944,77716,100260,2023-11-23,12185.0,622,Unity Ads
945,77716,100260,2023-11-24,11921.0,622,Unity Ads
946,77716,100260,2023-11-25,17219.0,622,Unity Ads
947,77716,100260,2023-11-26,12804.0,622,Unity Ads
948,77716,100260,2023-11-27,15117.0,622,Unity Ads
949,77716,100260,2023-11-28,14703.0,622,Unity Ads
950,77716,100260,2023-11-29,14792.0,622,Unity Ads
951,77716,100260,2023-11-30,14193.0,622,Unity Ads
952,77716,100260,2023-12-01,18915.0,622,Unity Ads
953,77716,100260,2023-12-02,18489.0,622,Unity Ads
954,77716,100260,2023-12-03,17661.0,622,Unity Ads
955,77716,100260,2023-12-04,14897.0,622,Unity Ads
956,77716,100260,2023-12-05,18214.0,622,Unity Ads
957,77716,100260,2023-12-06,16150.0,622,Unity Ads
958,77716,100260,2023-12-07,18850.0,622,Unity Ads
959,77716,100260,2023-12-08,18605.0,622,Unity Ads
960,77716,100260,2023-12-09,19248.0,622,Unity Ads
961,77716,100260,2023-12-10,20879.0,622,Unity Ads
962,77716,100260,2023-12-11,15706.0,622,Unity Ads
963,77716,100260,2023-12-12,17494.0,622,Unity Ads
964,77716,100260,2023-12-13,19815.0,622,Unity Ads
965,77716,100260,2023-12-14,16739.0,622,Unity Ads
966,77716,100260,2023-12-15,16715.0,622,Unity Ads
967,77716,100260,2023-12-16,19006.0,622,Unity Ads
968,77716,100260,2023-12-17,18148.0,622,Unity Ads
969,77716,100260,2023-12-18,16347.0,622,Unity Ads
970,77716,100260,2023-12-19,15785.0,622,Unity Ads
971,77716,100260,2023-12-20,16956.0,622,Unity Ads
972,77716,100260,2023-12-21,16747.0,622,Unity Ads
973,77716,100260,2023-12-22,17051.0,622,Unity Ads
974,77716,100260,2023-12-23,20580.0,622,Unity Ads
975,77716,100260,2023-12-24,15407.0,622,Unity Ads
976,77716,100298,2023-10-25,3127.0,625,IronSource
977,77716,100298,2023-10-26,3234.0,625,IronSource
978,77716,100298,2023-10-27,4228.0,625,IronSource
979,77716,100298,2023-10-28,3825.0,625,IronSource
980,77716,100298,2023-10-29,3464.0,625,IronSource
981,77716,100298,2023-10-30,3469.0,625,IronSource
982,77716,100298,2023-10-31,3552.0,625,IronSource
983,77716,100298,2023-11-01,4084.0,625,IronSource
984,77716,100298,2023-11-02,4681.0,625,IronSource
985,77716,100298,2023-11-03,5184.0,625,IronSource
986,77716,100298,2023-11-04,4769.0,625,IronSource
987,77716,100298,2023-11-05,3994.0,625,IronSource
988,77716,100298,2023-11-06,3493.0,625,IronSource
989,77716,100298,2023-11-07,3465.0,625,IronSource
990,77716,100298,2023-11-08,3353.0,625,IronSource
991,77716,100298,2023-11-09,3724.0,625,IronSource
992,77716,100298,2023-11-10,4073.0,625,IronSource
993,77716,100298,2023-11-11,3687.0,625,IronSource
994,77716,100298,2023-11-12,2817.0,625,IronSource
995,77716,100298,2023-11-13,2669.0,625,IronSource
996,77716,100298,2023-11-14,3076.0,625,IronSource
997,77716,100298,2023-11-15,3932.0,625,IronSource
998,77716,100298,2023-11-16,4102.0,625,IronSource
999,77716,100298,2023-11-17,4491.0,625,IronSource
1000,77716,100298,2023-11-18,4492.0,625,IronSource
1001,77716,100298,2023-11-19,3913.0,625,IronSource
1002,77716,100298,2023-11-20,3563.0,625,IronSource
1003,77716,100298,2023-11-21,4235.0,625,IronSource
1004,77716,100298,2023-11-22,4771.0,625,IronSource
1005,77716,100298,2023-11-23,4900.0,625,IronSource
1006,77716,100298,2023-11-24,4950.0,625,IronSource
1007,77716,100298,2023-11-25,4941.0,625,IronSource
1008,77716,100298,2023-11-26,4477.0,625,IronSource
1009,77716,100298,2023-11-27,3384.0,625,IronSource
1010,77716,100298,2023-11-28,3864.0,625,IronSource
1011,77716,100298,2023-11-29,3918.0,625,IronSource
1012,77716,100298,2023-11-30,4523.0,625,IronSource
1013,77716,100298,2023-12-01,6159.0,625,IronSource
1014,77716,100298,2023-12-02,5677.0,625,IronSource
1015,77716,100298,2023-12-03,4801.0,625,IronSource
1016,77716,100298,2023-12-04,4724.0,625,IronSource
1017,77716,100298,2023-12-05,4552.0,625,IronSource
1018,77716,100298,2023-12-06,5291.0,625,IronSource
1019,77716,100298,2023-12-07,5490.0,625,IronSource
1020,77716,100298,2023-12-08,7158.0,625,IronSource
1021,77716,100298,2023-12-09,9172.0,625,IronSource
1022,77716,100298,2023-12-10,9792.0,625,IronSource
1023,77716,100298,2023-12-11,6090.0,625,IronSource
1024,77716,100298,2023-12-12,6101.0,625,IronSource
1025,77716,100298,2023-12-13,5837.0,625,IronSource
1026,77716,100298,2023-12-14,5455.0,625,IronSource
1027,77716,100298,2023-12-15,5218.0,625,IronSource
1028,77716,100298,2023-12-16,4538.0,625,IronSource
1029,77716,100298,2023-12-17,3724.0,625,IronSource
1030,77716,100298,2023-12-18,3622.0,625,IronSource
1031,77716,100298,2023-12-19,5252.0,625,IronSource
1032,77716,100298,2023-12-20,5414.0,625,IronSource
1033,77716,100298,2023-12-21,5697.0,625,IronSource
1034,77716,100298,2023-12-22,6406.0,625,IronSource
1035,77716,100298,2023-12-23,5350.0,625,IronSource
1036,77716,100298,2023-12-24,5973.0,625,IronSource
1037,77716,100404,2023-10-25,104.0,632,Google Ads
1038,77716,100404,2023-10-26,166.0,632,Google Ads
1039,77716,100404,2023-10-27,154.0,632,Google Ads
1040,77716,100404,2023-10-28,238.0,632,Google Ads
1041,77716,100404,2023-10-29,152.0,632,Google Ads
1042,77716,100404,2023-10-30,266.0,632,Google Ads
1043,77716,100404,2023-10-31,276.0,632,Google Ads
1044,77716,100404,2023-11-01,210.0,632,Google Ads
1045,77716,100404,2023-11-02,237.0,632,Google Ads
1046,77716,100404,2023-11-03,181.0,632,Google Ads
1047,77716,100404,2023-11-04,227.0,632,Google Ads
1048,77716,100404,2023-11-05,186.0,632,Google Ads
1049,77716,100404,2023-11-06,115.0,632,Google Ads
1050,77716,100404,2023-11-07,115.0,632,Google Ads
1051,77716,100404,2023-11-08,146.0,632,Google Ads
1052,77716,100404,2023-11-09,157.0,632,Google Ads
1053,77716,100404,2023-11-10,201.0,632,Google Ads
1054,77716,100404,2023-11-11,135.0,632,Google Ads
1055,77716,100404,2023-11-12,183.0,632,Google Ads
1056,77716,100404,2023-11-13,136.0,632,Google Ads
1057,77716,100404,2023-11-14,131.0,632,Google Ads
1058,77716,100404,2023-11-15,138.0,632,Google Ads
1059,77716,100404,2023-11-16,156.0,632,Google Ads
1060,77716,100404,2023-11-17,139.0,632,Google Ads
1061,77716,100404,2023-11-18,128.0,632,Google Ads
1062,77716,100404,2023-11-19,107.0,632,Google Ads
1063,77716,100404,2023-11-20,96.0,632,Google Ads
1064,77716,100404,2023-11-21,84.0,632,Google Ads
1065,77716,100404,2023-11-22,113.0,632,Google Ads
1066,77716,100404,2023-11-23,182.0,632,Google Ads
1067,77716,100404,2023-11-24,158.0,632,Google Ads
1068,77716,100404,2023-11-25,281.0,632,Google Ads
1069,77716,100404,2023-11-26,246.0,632,Google Ads
1070,77716,100404,2023-11-27,130.0,632,Google Ads
1071,77716,100404,2023-11-28,125.0,632,Google Ads
1072,77716,100404,2023-11-29,106.0,632,Google Ads
1073,77716,100404,2023-11-30,133.0,632,Google Ads
1074,77716,100404,2023-12-01,144.0,632,Google Ads
1075,77716,100404,2023-12-02,149.0,632,Google Ads
1076,77716,100404,2023-12-03,148.0,632,Google Ads
1077,77716,100404,2023-12-04,184.0,632,Google Ads
1078,77716,100404,2023-12-05,148.0,632,Google Ads
1079,77716,100404,2023-12-06,100.0,632,Google Ads
1080,77716,100404,2023-12-07,58.0,632,Google Ads
1081,77716,100404,2023-12-08,93.0,632,Google Ads
1082,77716,100404,2023-12-09,111.0,632,Google Ads
1083,77716,100404,2023-12-10,75.0,632,Google Ads
1084,77716,100404,2023-12-11,67.0,632,Google Ads
1085,77716,100404,2023-12-12,55.0,632,Google Ads
1086,77716,100404,2023-12-13,68.0,632,Google Ads
1087,77716,100404,2023-12-14,59.0,632,Google Ads
1088,77716,100404,2023-12-15,43.0,632,Google Ads
1089,77716,100404,2023-12-16,73.0,632,Google Ads
1090,77716,100404,2023-12-17,115.0,632,Google Ads
1091,77716,100404,2023-12-18,78.0,632,Google Ads
1092,77716,100404,2023-12-19,64.0,632,Google Ads
1093,77716,100404,2023-12-20,75.0,632,Google Ads
1094,77716,100404,2023-12-21,75.0,632,Google Ads
1095,77716,100404,2023-12-22,71.0,632,Google Ads
1096,77716,100404,2023-12-23,77.0,632,Google Ads
1097,77716,100404,2023-12-24,103.0,632,Google Ads
1098,81012543,9999,2023-10-25,222.0,612,Organic
1099,81012543,9999,2023-10-26,412.0,612,Organic
1100,81012543,9999,2023-10-27,758.0,612,Organic
1101,81012543,9999,2023-10-28,772.0,612,Organic
1102,81012543,9999,2023-10-29,876.0,612,Organic
1103,81012543,9999,2023-10-30,650.0,612,Organic
1104,81012543,9999,2023-10-31,598.0,612,Organic
1105,81012543,9999,2023-11-01,760.0,612,Organic
1106,81012543,9999,2023-11-02,601.0,612,Organic
1107,81012543,9999,2023-11-03,527.0,612,Organic
1108,81012543,9999,2023-11-04,766.0,612,Organic
1109,81012543,9999,2023-11-05,726.0,612,Organic
1110,81012543,9999,2023-11-06,619.0,612,Organic
1111,81012543,9999,2023-11-07,550.0,612,Organic
1112,81012543,9999,2023-11-08,592.0,612,Organic
1113,81012543,9999,2023-11-09,639.0,612,Organic
1114,81012543,9999,2023-11-10,705.0,612,Organic
1115,81012543,9999,2023-11-11,954.0,612,Organic
1116,81012543,9999,2023-11-12,650.0,612,Organic
1117,81012543,9999,2023-11-13,581.0,612,Organic
1118,81012543,9999,2023-11-14,507.0,612,Organic
1119,81012543,9999,2023-11-15,500.0,612,Organic
1120,81012543,9999,2023-11-16,509.0,612,Organic
1121,81012543,9999,2023-11-17,558.0,612,Organic
1122,81012543,9999,2023-11-18,743.0,612,Organic
1123,81012543,9999,2023-11-19,797.0,612,Organic
1124,81012543,9999,2023-11-20,534.0,612,Organic
1125,81012543,9999,2023-11-21,2081.0,612,Organic
1126,81012543,9999,2023-11-22,2108.0,612,Organic
1127,81012543,9999,2023-11-23,1217.0,612,Organic
1128,81012543,9999,2023-11-24,983.0,612,Organic
1129,81012543,9999,2023-11-25,1220.0,612,Organic
1130,81012543,9999,2023-11-26,1266.0,612,Organic
1131,81012543,9999,2023-11-27,767.0,612,Organic
1132,81012543,9999,2023-11-28,815.0,612,Organic
1133,81012543,9999,2023-11-29,906.0,612,Organic
1134,81012543,9999,2023-11-30,693.0,612,Organic
1135,81012543,9999,2023-12-01,814.0,612,Organic
1136,81012543,9999,2023-12-02,961.0,612,Organic
1137,81012543,9999,2023-12-03,984.0,612,Organic
1138,81012543,9999,2023-12-04,721.0,612,Organic
1139,81012543,9999,2023-12-05,763.0,612,Organic
1140,81012543,9999,2023-12-06,745.0,612,Organic
1141,81012543,9999,2023-12-07,652.0,612,Organic
1142,81012543,9999,2023-12-08,777.0,612,Organic
1143,81012543,9999,2023-12-09,790.0,612,Organic
1144,81012543,9999,2023-12-10,961.0,612,Organic
1145,81012543,9999,2023-12-11,647.0,612,Organic
1146,81012543,9999,2023-12-12,402.0,612,Organic
1147,81012543,9999,2023-12-13,535.0,612,Organic
1148,81012543,9999,2023-12-14,522.0,612,Organic
1149,81012543,9999,2023-12-15,386.0,612,Organic
1150,81012543,9999,2023-12-16,587.0,612,Organic
1151,81012543,9999,2023-12-17,625.0,612,Organic
1152,81012543,9999,2023-12-18,555.0,612,Organic
1153,81012543,9999,2023-12-19,343.0,612,Organic
1154,81012543,9999,2023-12-20,406.0,612,Organic
1155,81012543,9999,2023-12-21,533.0,612,Organic
1156,81012543,9999,2023-12-22,480.0,612,Organic
1157,81012543,9999,2023-12-23,493.0,612,Organic
1158,81012543,9999,2023-12-24,557.0,612,Organic
1159,81012543,100229,2023-10-25,362.0,619,Facebook
1160,81012543,100229,2023-10-26,524.0,619,Facebook
1161,81012543,100229,2023-10-27,307.0,619,Facebook
1162,81012543,100229,2023-10-28,310.0,619,Facebook
1163,81012543,100229,2023-10-29,198.0,619,Facebook
1164,81012543,100229,2023-10-30,217.0,619,Facebook
1165,81012543,100229,2023-10-31,204.0,619,Facebook
1166,81012543,100229,2023-11-01,281.0,619,Facebook
1167,81012543,100229,2023-11-02,219.0,619,Facebook
1168,81012543,100229,2023-11-03,192.0,619,Facebook
1169,81012543,100229,2023-11-04,216.0,619,Facebook
1170,81012543,100229,2023-11-05,166.0,619,Facebook
1171,81012543,100229,2023-11-06,166.0,619,Facebook
1172,81012543,100229,2023-11-07,162.0,619,Facebook
1173,81012543,100229,2023-11-08,173.0,619,Facebook
1174,81012543,100229,2023-11-09,146.0,619,Facebook
1175,81012543,100229,2023-11-10,166.0,619,Facebook
1176,81012543,100229,2023-11-11,120.0,619,Facebook
1177,81012543,100229,2023-11-12,185.0,619,Facebook
1178,81012543,100229,2023-11-13,135.0,619,Facebook
1179,81012543,100229,2023-11-14,143.0,619,Facebook
1180,81012543,100229,2023-11-15,133.0,619,Facebook
1181,81012543,100229,2023-11-16,160.0,619,Facebook
1182,81012543,100229,2023-11-17,249.0,619,Facebook
1183,81012543,100229,2023-11-18,279.0,619,Facebook
1184,81012543,100229,2023-11-19,237.0,619,Facebook
1185,81012543,100229,2023-11-20,200.0,619,Facebook
1186,81012543,100229,2023-11-21,257.0,619,Facebook
1187,81012543,100229,2023-11-22,203.0,619,Facebook
1188,81012543,100229,2023-11-23,189.0,619,Facebook
1189,81012543,100229,2023-11-24,270.0,619,Facebook
1190,81012543,100229,2023-11-25,234.0,619,Facebook
1191,81012543,100229,2023-11-26,201.0,619,Facebook
1192,81012543,100229,2023-11-27,207.0,619,Facebook
1193,81012543,100229,2023-11-28,249.0,619,Facebook
1194,81012543,100229,2023-11-29,230.0,619,Facebook
1195,81012543,100229,2023-11-30,305.0,619,Facebook
1196,81012543,100229,2023-12-01,346.0,619,Facebook
1197,81012543,100229,2023-12-02,409.0,619,Facebook
1198,81012543,100229,2023-12-03,364.0,619,Facebook
1199,81012543,100229,2023-12-04,340.0,619,Facebook
1200,81012543,100229,2023-12-05,346.0,619,Facebook
1201,81012543,100229,2023-12-06,343.0,619,Facebook
1202,81012543,100229,2023-12-07,360.0,619,Facebook
1203,81012543,100229,2023-12-08,304.0,619,Facebook
1204,81012543,100229,2023-12-09,435.0,619,Facebook
1205,81012543,100229,2023-12-10,328.0,619,Facebook
1206,81012543,100229,2023-12-11,320.0,619,Facebook
1207,81012543,100229,2023-12-12,374.0,619,Facebook
1208,81012543,100229,2023-12-13,321.0,619,Facebook
1209,81012543,100229,2023-12-14,343.0,619,Facebook
1210,81012543,100229,2023-12-15,322.0,619,Facebook
1211,81012543,100229,2023-12-16,435.0,619,Facebook
1212,81012543,100229,2023-12-17,344.0,619,Facebook
1213,81012543,100229,2023-12-18,266.0,619,Facebook
1214,81012543,100229,2023-12-19,327.0,619,Facebook
1215,81012543,100229,2023-12-20,295.0,619,Facebook
1216,81012543,100229,2023-12-21,237.0,619,Facebook
1217,81012543,100229,2023-12-22,335.0,619,Facebook
1218,81012543,100229,2023-12-23,433.0,619,Facebook
1219,81012543,100229,2023-12-24,309.0,619,Facebook
1220,81012543,100260,2023-10-25,304.0,622,Unity Ads
1221,81012543,100260,2023-10-26,401.0,622,Unity Ads
1222,81012543,100260,2023-10-27,395.0,622,Unity Ads
1223,81012543,100260,2023-10-28,503.0,622,Unity Ads
1224,81012543,100260,2023-10-29,491.0,622,Unity Ads
1225,81012543,100260,2023-10-30,341.0,622,Unity Ads
1226,81012543,100260,2023-10-31,328.0,622,Unity Ads
1227,81012543,100260,2023-11-01,299.0,622,Unity Ads
1228,81012543,100260,2023-11-02,307.0,622,Unity Ads
1229,81012543,100260,2023-11-03,405.0,622,Unity Ads
1230,81012543,100260,2023-11-04,345.0,622,Unity Ads
1231,81012543,100260,2023-11-05,392.0,622,Unity Ads
1232,81012543,100260,2023-11-06,347.0,622,Unity Ads
1233,81012543,100260,2023-11-07,365.0,622,Unity Ads
1234,81012543,100260,2023-11-08,283.0,622,Unity Ads
1235,81012543,100260,2023-11-09,255.0,622,Unity Ads
1236,81012543,100260,2023-11-10,290.0,622,Unity Ads
1237,81012543,100260,2023-11-11,379.0,622,Unity Ads
1238,81012543,100260,2023-11-12,407.0,622,Unity Ads
1239,81012543,100260,2023-11-13,310.0,622,Unity Ads
1240,81012543,100260,2023-11-14,326.0,622,Unity Ads
1241,81012543,100260,2023-11-15,343.0,622,Unity Ads
1242,81012543,100260,2023-11-16,299.0,622,Unity Ads
1243,81012543,100260,2023-11-17,315.0,622,Unity Ads
1244,81012543,100260,2023-11-18,392.0,622,Unity Ads
1245,81012543,100260,2023-11-19,393.0,622,Unity Ads
1246,81012543,100260,2023-11-20,279.0,622,Unity Ads
1247,81012543,100260,2023-11-21,267.0,622,Unity Ads
1248,81012543,100260,2023-11-22,278.0,622,Unity Ads
1249,81012543,100260,2023-11-23,296.0,622,Unity Ads
1250,81012543,100260,2023-11-24,242.0,622,Unity Ads
1251,81012543,100260,2023-11-25,358.0,622,Unity Ads
1252,81012543,100260,2023-11-26,360.0,622,Unity Ads
1253,81012543,100260,2023-11-27,245.0,622,Unity Ads
1254,81012543,100260,2023-11-28,227.0,622,Unity Ads
1255,81012543,100260,2023-11-29,190.0,622,Unity Ads
1256,81012543,100260,2023-11-30,229.0,622,Unity Ads
1257,81012543,100260,2023-12-01,262.0,622,Unity Ads
1258,81012543,100260,2023-12-02,335.0,622,Unity Ads
1259,81012543,100260,2023-12-03,331.0,622,Unity Ads
1260,81012543,100260,2023-12-04,215.0,622,Unity Ads
1261,81012543,100260,2023-12-05,214.0,622,Unity Ads
1262,81012543,100260,2023-12-06,196.0,622,Unity Ads
1263,81012543,100260,2023-12-07,225.0,622,Unity Ads
1264,81012543,100260,2023-12-08,210.0,622,Unity Ads
1265,81012543,100260,2023-12-09,282.0,622,Unity Ads
1266,81012543,100260,2023-12-10,314.0,622,Unity Ads
1267,81012543,100260,2023-12-11,199.0,622,Unity Ads
1268,81012543,100260,2023-12-12,98.0,622,Unity Ads
1269,81012543,100260,2023-12-13,141.0,622,Unity Ads
1270,81012543,100260,2023-12-14,141.0,622,Unity Ads
1271,81012543,100260,2023-12-15,128.0,622,Unity Ads
1272,81012543,100260,2023-12-16,186.0,622,Unity Ads
1273,81012543,100260,2023-12-17,205.0,622,Unity Ads
1274,81012543,100260,2023-12-18,103.0,622,Unity Ads
1275,81012543,100260,2023-12-19,137.0,622,Unity Ads
1276,81012543,100260,2023-12-20,143.0,622,Unity Ads
1277,81012543,100260,2023-12-21,167.0,622,Unity Ads
1278,81012543,100260,2023-12-22,173.0,622,Unity Ads
1279,81012543,100260,2023-12-23,192.0,622,Unity Ads
1280,81012543,100260,2023-12-24,174.0,622,Unity Ads
1281,81012543,100298,2023-10-25,1000.0,625,IronSource
1282,81012543,100298,2023-10-26,885.0,625,IronSource
1283,81012543,100298,2023-10-27,899.0,625,IronSource
1284,81012543,100298,2023-10-28,1057.0,625,IronSource
1285,81012543,100298,2023-10-29,1190.0,625,IronSource
1286,81012543,100298,2023-10-30,851.0,625,IronSource
1287,81012543,100298,2023-10-31,775.0,625,IronSource
1288,81012543,100298,2023-11-01,654.0,625,IronSource
1289,81012543,100298,2023-11-02,891.0,625,IronSource
1290,81012543,100298,2023-11-03,847.0,625,IronSource
1291,81012543,100298,2023-11-04,1089.0,625,IronSource
1292,81012543,100298,2023-11-05,1069.0,625,IronSource
1293,81012543,100298,2023-11-06,761.0,625,IronSource
1294,81012543,100298,2023-11-07,803.0,625,IronSource
1295,81012543,100298,2023-11-08,659.0,625,IronSource
1296,81012543,100298,2023-11-09,671.0,625,IronSource
1297,81012543,100298,2023-11-10,982.0,625,IronSource
1298,81012543,100298,2023-11-11,1080.0,625,IronSource
1299,81012543,100298,2023-11-12,1024.0,625,IronSource
1300,81012543,100298,2023-11-13,748.0,625,IronSource
1301,81012543,100298,2023-11-14,626.0,625,IronSource
1302,81012543,100298,2023-11-15,618.0,625,IronSource
1303,81012543,100298,2023-11-16,740.0,625,IronSource
1304,81012543,100298,2023-11-17,1034.0,625,IronSource
1305,81012543,100298,2023-11-18,1232.0,625,IronSource
1306,81012543,100298,2023-11-19,1116.0,625,IronSource
1307,81012543,100298,2023-11-20,992.0,625,IronSource
1308,81012543,100298,2023-11-21,972.0,625,IronSource
1309,81012543,100298,2023-11-22,1726.0,625,IronSource
1310,81012543,100298,2023-11-23,3199.0,625,IronSource
1311,81012543,100298,2023-11-24,2604.0,625,IronSource
1312,81012543,100298,2023-11-25,1919.0,625,IronSource
1313,81012543,100298,2023-11-26,1759.0,625,IronSource
1314,81012543,100298,2023-11-27,1254.0,625,IronSource
1315,81012543,100298,2023-11-28,1169.0,625,IronSource
1316,81012543,100298,2023-11-29,1395.0,625,IronSource
1317,81012543,100298,2023-11-30,1146.0,625,IronSource
1318,81012543,100298,2023-12-01,1046.0,625,IronSource
1319,81012543,100298,2023-12-02,1135.0,625,IronSource
1320,81012543,100298,2023-12-03,1401.0,625,IronSource
1321,81012543,100298,2023-12-04,1205.0,625,IronSource
1322,81012543,100298,2023-12-05,1006.0,625,IronSource
1323,81012543,100298,2023-12-06,1041.0,625,IronSource
1324,81012543,100298,2023-12-07,969.0,625,IronSource
1325,81012543,100298,2023-12-08,1015.0,625,IronSource
1326,81012543,100298,2023-12-09,1079.0,625,IronSource
1327,81012543,100298,2023-12-10,1177.0,625,IronSource
1328,81012543,100298,2023-12-11,807.0,625,IronSource
1329,81012543,100298,2023-12-12,752.0,625,IronSource
1330,81012543,100298,2023-12-13,836.0,625,IronSource
1331,81012543,100298,2023-12-14,975.0,625,IronSource
1332,81012543,100298,2023-12-15,873.0,625,IronSource
1333,81012543,100298,2023-12-16,1374.0,625,IronSource
1334,81012543,100298,2023-12-17,1736.0,625,IronSource
1335,81012543,100298,2023-12-18,1514.0,625,IronSource
1336,81012543,100298,2023-12-19,978.0,625,IronSource
1337,81012543,100298,2023-12-20,847.0,625,IronSource
1338,81012543,100298,2023-12-21,750.0,625,IronSource
1339,81012543,100298,2023-12-22,897.0,625,IronSource
1340,81012543,100298,2023-12-23,855.0,625,IronSource
1341,81012543,100298,2023-12-24,766.0,625,IronSource
1342,81012543,100333,2023-10-25,0.0,628,Mintegral
1343,81012543,100333,2023-10-26,0.0,628,Mintegral
1344,81012543,100333,2023-10-27,0.0,628,Mintegral
1345,81012543,100333,2023-10-28,0.0,628,Mintegral
1346,81012543,100333,2023-10-29,0.0,628,Mintegral
1347,81012543,100333,2023-10-30,0.0,628,Mintegral
1348,81012543,100333,2023-10-31,0.0,628,Mintegral
1349,81012543,100333,2023-11-01,0.0,628,Mintegral
1350,81012543,100333,2023-11-02,0.0,628,Mintegral
1351,81012543,100333,2023-11-03,0.0,628,Mintegral
1352,81012543,100333,2023-11-04,0.0,628,Mintegral
1353,81012543,100333,2023-11-05,0.0,628,Mintegral
1354,81012543,100333,2023-11-06,0.0,628,Mintegral
1355,81012543,100333,2023-11-07,0.0,628,Mintegral
1356,81012543,100333,2023-11-08,0.0,628,Mintegral
1357,81012543,100333,2023-11-09,0.0,628,Mintegral
1358,81012543,100333,2023-11-10,0.0,628,Mintegral
1359,81012543,100333,2023-11-11,0.0,628,Mintegral
1360,81012543,100333,2023-11-12,0.0,628,Mintegral
1361,81012543,100333,2023-11-13,0.0,628,Mintegral
1362,81012543,100333,2023-11-14,0.0,628,Mintegral
1363,81012543,100333,2023-11-15,0.0,628,Mintegral
1364,81012543,100333,2023-11-16,0.0,628,Mintegral
1365,81012543,100333,2023-11-17,0.0,628,Mintegral
1366,81012543,100333,2023-11-18,0.0,628,Mintegral
1367,81012543,100333,2023-11-19,0.0,628,Mintegral
1368,81012543,100333,2023-11-20,0.0,628,Mintegral
1369,81012543,100333,2023-11-21,0.0,628,Mintegral
1370,81012543,100333,2023-11-22,0.0,628,Mintegral
1371,81012543,100333,2023-11-23,0.0,628,Mintegral
1372,81012543,100333,2023-11-24,0.0,628,Mintegral
1373,81012543,100333,2023-11-25,0.0,628,Mintegral
1374,81012543,100333,2023-11-26,32.0,628,Mintegral
1375,81012543,100333,2023-11-27,47.0,628,Mintegral
1376,81012543,100333,2023-11-28,92.0,628,Mintegral
1377,81012543,100333,2023-11-29,62.0,628,Mintegral
1378,81012543,100333,2023-11-30,132.0,628,Mintegral
1379,81012543,100333,2023-12-01,268.0,628,Mintegral
1380,81012543,100333,2023-12-02,389.0,628,Mintegral
1381,81012543,100333,2023-12-03,290.0,628,Mintegral
1382,81012543,100333,2023-12-04,145.0,628,Mintegral
1383,81012543,100333,2023-12-05,111.0,628,Mintegral
1384,81012543,100333,2023-12-06,152.0,628,Mintegral
1385,81012543,100333,2023-12-07,157.0,628,Mintegral
1386,81012543,100333,2023-12-08,136.0,628,Mintegral
1387,81012543,100333,2023-12-09,238.0,628,Mintegral
1388,81012543,100333,2023-12-10,249.0,628,Mintegral
1389,81012543,100333,2023-12-11,83.0,628,Mintegral
1390,81012543,100333,2023-12-12,70.0,628,Mintegral
1391,81012543,100333,2023-12-13,48.0,628,Mintegral
1392,81012543,100333,2023-12-14,29.0,628,Mintegral
1393,81012543,100333,2023-12-15,40.0,628,Mintegral
1394,81012543,100333,2023-12-16,34.0,628,Mintegral
1395,81012543,100333,2023-12-17,35.0,628,Mintegral
1396,81012543,100333,2023-12-18,23.0,628,Mintegral
1397,81012543,100333,2023-12-19,17.0,628,Mintegral
1398,81012543,100333,2023-12-20,23.0,628,Mintegral
1399,81012543,100333,2023-12-21,26.0,628,Mintegral
1400,81012543,100333,2023-12-22,25.0,628,Mintegral
1401,81012543,100333,2023-12-23,49.0,628,Mintegral
1402,81012543,100333,2023-12-24,36.0,628,Mintegral
1403,81012543,100404,2023-10-25,0.0,632,Google Ads
1404,81012543,100404,2023-10-26,0.0,632,Google Ads
1405,81012543,100404,2023-10-27,0.0,632,Google Ads
1406,81012543,100404,2023-10-28,0.0,632,Google Ads
1407,81012543,100404,2023-10-29,0.0,632,Google Ads
1408,81012543,100404,2023-10-30,0.0,632,Google Ads
1409,81012543,100404,2023-10-31,0.0,632,Google Ads
1410,81012543,100404,2023-11-01,0.0,632,Google Ads
1411,81012543,100404,2023-11-02,0.0,632,Google Ads
1412,81012543,100404,2023-11-03,0.0,632,Google Ads
1413,81012543,100404,2023-11-04,0.0,632,Google Ads
1414,81012543,100404,2023-11-05,0.0,632,Google Ads
1415,81012543,100404,2023-11-06,0.0,632,Google Ads
1416,81012543,100404,2023-11-07,0.0,632,Google Ads
1417,81012543,100404,2023-11-08,0.0,632,Google Ads
1418,81012543,100404,2023-11-09,0.0,632,Google Ads
1419,81012543,100404,2023-11-10,0.0,632,Google Ads
1420,81012543,100404,2023-11-11,0.0,632,Google Ads
1421,81012543,100404,2023-11-12,6.0,632,Google Ads
1422,81012543,100404,2023-11-13,0.0,632,Google Ads
1423,81012543,100404,2023-11-14,0.0,632,Google Ads
1424,81012543,100404,2023-11-15,0.0,632,Google Ads
1425,81012543,100404,2023-11-16,0.0,632,Google Ads
1426,81012543,100404,2023-11-17,0.0,632,Google Ads
1427,81012543,100404,2023-11-18,0.0,632,Google Ads
1428,81012543,100404,2023-11-19,3.0,632,Google Ads
1429,81012543,100404,2023-11-20,0.0,632,Google Ads
1430,81012543,100404,2023-11-21,0.0,632,Google Ads
1431,81012543,100404,2023-11-22,20.0,632,Google Ads
1432,81012543,100404,2023-11-23,0.0,632,Google Ads
1433,81012543,100404,2023-11-24,21.0,632,Google Ads
1434,81012543,100404,2023-11-25,11.0,632,Google Ads
1435,81012543,100404,2023-11-26,0.0,632,Google Ads
1436,81012543,100404,2023-11-27,0.0,632,Google Ads
1437,81012543,100404,2023-11-28,0.0,632,Google Ads
1438,81012543,100404,2023-11-29,0.0,632,Google Ads
1439,81012543,100404,2023-11-30,3.0,632,Google Ads
1440,81012543,100404,2023-12-01,0.0,632,Google Ads
1441,81012543,100404,2023-12-02,0.0,632,Google Ads
1442,81012543,100404,2023-12-03,0.0,632,Google Ads
1443,81012543,100404,2023-12-04,0.0,632,Google Ads
1444,81012543,100404,2023-12-05,0.0,632,Google Ads
1445,81012543,100404,2023-12-06,0.0,632,Google Ads
1446,81012543,100404,2023-12-07,0.0,632,Google Ads
1447,81012543,100404,2023-12-08,0.0,632,Google Ads
1448,81012543,100404,2023-12-09,0.0,632,Google Ads
1449,81012543,100404,2023-12-10,0.0,632,Google Ads
1450,81012543,100404,2023-12-11,0.0,632,Google Ads
1451,81012543,100404,2023-12-12,0.0,632,Google Ads
1452,81012543,100404,2023-12-13,0.0,632,Google Ads
1453,81012543,100404,2023-12-14,0.0,632,Google Ads
1454,81012543,100404,2023-12-15,0.0,632,Google Ads
1455,81012543,100404,2023-12-16,0.0,632,Google Ads
1456,81012543,100404,2023-12-17,0.0,632,Google Ads
1457,81012543,100404,2023-12-18,0.0,632,Google Ads
1458,81012543,100404,2023-12-19,6.0,632,Google Ads
1459,81012543,100404,2023-12-20,0.0,632,Google Ads
1460,81012543,100404,2023-12-21,0.0,632,Google Ads
1461,81012543,100404,2023-12-22,0.0,632,Google Ads
1462,81012543,100404,2023-12-23,3.0,632,Google Ads
1463,81012543,100404,2023-12-24,7.0,632,Google Ads
