,Unnamed: 0,ref_publisher_id,ref_app_id,platform,day_date,impressions,clicks,spend,installs,ad_revenue_d0,iap_d0,retention_users_d0,ad_revenue_d1,iap_d1,retention_users_d1,installs_with_nan,spend_with_nan,clicks_with_nan,impressions_with_nan,ad_revenue_d0_with_nan,ad_revenue_d1_with_nan,retention_users_d0_with_nan,retention_users_d1_with_nan,iap_d0_with_nan,iap_d1_with_nan,dimset,publisher,metric,year,month,day,weekday,quarter,monthInQuarter,weekend,partOfMonth
183,183,1019,73319,1,2023-10-25,934381.0,226954.0,4618.924002999999,22510.0,2299.2733429999994,0.0,0.0,2758.1815380000003,0.0,0.0,22510.0,4618.924002999999,226954.0,934381.0,2299.2733429999994,2758.1815380000003,,,,,218,1019,80,2023,9,24,2,3,0,0,2
184,184,1019,73319,1,2023-10-26,1105500.0,231071.0,4646.063072999999,22890.0,2288.584232921514,0.0,0.0,2755.030964610992,0.0,0.0,22890.0,4646.063072999999,231071.0,1105500.0,2288.584232921514,2755.030964610992,,,,,218,1019,80,2023,9,25,3,3,0,0,2
185,185,1019,73319,1,2023-10-27,1219382.0,260426.0,5384.1846669999995,26956.0,2680.405169265743,0.0,0.0,3255.585159314741,0.0,0.0,26956.0,5384.1846669999995,260426.0,1219382.0,2680.405169265743,3255.585159314741,,,,,218,1019,80,2023,9,26,4,3,0,0,2
186,186,1019,73319,1,2023-10-28,1434995.0,309686.0,7515.209487999998,37615.0,3769.55112781173,0.0,0.0,4536.00401781173,0.0,0.0,37615.0,7515.209487999998,309686.0,1434995.0,3769.55112781173,4536.00401781173,,,,,218,1019,80,2023,9,27,5,3,0,1,2
187,187,1019,73319,1,2023-10-29,1585497.0,349251.0,7983.447826999998,43664.0,4291.688538485256,0.0,0.0,4878.986701485257,0.0,0.0,43664.0,7983.447826999998,349251.0,1585497.0,4291.688538485256,4878.986701485257,,,,,218,1019,80,2023,9,28,6,3,0,1,2
188,188,1019,73319,1,2023-10-30,1152421.0,253431.0,5347.112209000001,30574.0,2771.5883547676885,0.0,0.0,3229.1947821743365,0.0,0.0,30574.0,5347.112209000001,253431.0,1152421.0,2771.5883547676885,3229.1947821743365,,,,,218,1019,80,2023,9,29,0,3,0,0,2
189,189,1019,73319,1,2023-10-31,1105986.0,259363.0,5120.655884,28719.0,2479.366144402221,0.0,0.0,2958.001566402221,0.0,0.0,28719.0,5120.655884,259363.0,1105986.0,2479.366144402221,2958.001566402221,,,,,218,1019,80,2023,9,30,1,3,0,0,3
190,190,1019,73319,1,2023-11-01,1449474.0,277322.0,5415.587822,30716.0,2620.328155759926,0.0,0.0,3173.557852858778,0.0,0.0,30716.0,5415.587822,277322.0,1449474.0,2620.328155759926,3173.557852858778,,,,,218,1019,80,2023,10,0,2,3,1,0,0
191,191,1019,73319,1,2023-11-02,1475086.0,297399.0,5955.29463,32150.0,2927.3860949162768,0.0,0.0,3522.6216589162755,0.0,0.0,32150.0,5955.29463,297399.0,1475086.0,2927.3860949162768,3522.6216589162755,,,,,218,1019,80,2023,10,1,3,3,1,0,0
192,192,1019,73319,1,2023-11-03,1360178.0,293202.0,6248.096393,33899.0,3254.0706912059204,0.0,0.0,3928.4584281428656,0.0,0.0,33899.0,6248.096393,293202.0,1360178.0,3254.0706912059204,3928.4584281428656,,,,,218,1019,80,2023,10,2,4,3,1,0,0
193,193,1019,73319,1,2023-11-04,1619636.0,389444.0,8910.089545,44223.0,4528.14326153897,0.0,0.0,5449.917552538973,0.0,0.0,44223.0,8910.089545,389444.0,1619636.0,4528.14326153897,5449.917552538973,,,,,218,1019,80,2023,10,3,5,3,1,1,0
194,194,1019,73319,1,2023-11-05,1677028.0,358075.0,8310.173902,41091.0,4346.845510357587,0.0,0.0,4991.974120357587,0.0,0.0,41091.0,8310.173902,358075.0,1677028.0,4346.845510357587,4991.974120357587,,,,,218,1019,80,2023,10,4,6,3,1,1,0
195,195,1019,73319,1,2023-11-06,1189902.0,230795.0,5220.092056,26628.0,2742.059476324534,0.0,0.0,3273.850984976885,0.0,0.0,26628.0,5220.092056,230795.0,1189902.0,2742.059476324534,3273.850984976885,,,,,218,1019,80,2023,10,5,0,3,1,0,0
196,196,1019,73319,1,2023-11-07,1184828.0,268533.0,6120.275484999998,27986.0,3091.769067337963,0.0,0.0,3665.4575343379615,0.0,0.0,27986.0,6120.275484999998,268533.0,1184828.0,3091.769067337963,3665.4575343379615,,,,,218,1019,80,2023,10,6,1,3,1,0,0
197,197,1019,73319,1,2023-11-08,1283287.0,237262.0,5279.607919000001,25304.0,2619.222072858822,0.0,0.0,3138.7160148588214,0.0,0.0,25304.0,5279.607919000001,237262.0,1283287.0,2619.222072858822,3138.7160148588214,,,,,218,1019,80,2023,10,7,2,3,1,0,0
198,198,1019,73319,1,2023-11-09,1186203.0,260337.0,5923.876221000001,26651.0,2733.588214553931,0.0,0.0,3295.7386895539307,0.0,0.0,26651.0,5923.876221000001,260337.0,1186203.0,2733.588214553931,3295.7386895539307,,,,,218,1019,80,2023,10,8,3,3,1,0,0
199,199,1019,73319,1,2023-11-10,1951720.0,335054.0,8125.738544,34013.0,3671.152538403905,0.0,0.0,4488.824948403906,0.0,0.0,34013.0,8125.738544,335054.0,1951720.0,3671.152538403905,4488.824948403906,,,,,218,1019,80,2023,10,9,4,3,1,0,0
200,200,1019,73319,1,2023-11-11,2486059.0,398678.0,9416.307078,42539.0,4681.626182868465,0.0,0.0,5561.71198686846,0.0,0.0,42539.0,9416.307078,398678.0,2486059.0,4681.626182868465,5561.71198686846,,,,,218,1019,80,2023,10,10,5,3,1,1,1
201,201,1019,73319,1,2023-11-12,2080032.0,372797.0,8772.215622000002,40535.0,4342.143834859859,0.0,0.0,4978.522619412892,0.0,0.0,40535.0,8772.215622000002,372797.0,2080032.0,4342.143834859859,4978.522619412892,,,,,218,1019,80,2023,10,11,6,3,1,1,1
202,202,1019,73319,1,2023-11-13,1567841.0,277271.0,5927.639228999999,27332.0,2705.503915,0.0,0.0,3260.5360509204284,0.0,0.0,27332.0,5927.639228999999,277271.0,1567841.0,2705.503915,3260.5360509204284,,,,,218,1019,80,2023,10,12,0,3,1,0,1
203,203,1019,73319,1,2023-11-14,1574234.0,281304.0,5877.914271999999,26939.0,2736.1777291169697,0.0,0.0,3325.829191776018,0.0,0.0,26939.0,5877.914271999999,281304.0,1574234.0,2736.1777291169697,3325.829191776018,,,,,218,1019,80,2023,10,13,1,3,1,0,1
204,204,1019,73319,1,2023-11-15,1623237.0,259786.0,5199.639559999999,25446.0,2630.6366982104723,0.0,0.0,3132.6862192104727,0.0,0.0,25446.0,5199.639559999999,259786.0,1623237.0,2630.6366982104723,3132.6862192104727,,,,,218,1019,80,2023,10,14,2,3,1,0,1
205,205,1019,73319,1,2023-11-16,1827347.0,244379.0,5327.286909999999,25127.0,2584.067122,0.0,0.0,3142.724227999999,0.0,0.0,25127.0,5327.286909999999,244379.0,1827347.0,2584.067122,3142.724227999999,,,,,218,1019,80,2023,10,15,3,3,1,0,1
206,206,1019,73319,1,2023-11-17,2402228.0,306159.0,6416.423364,30193.0,2952.640788,0.0,0.0,3624.986030999999,0.0,0.0,30193.0,6416.423364,306159.0,2402228.0,2952.640788,3624.986030999999,,,,,218,1019,80,2023,10,16,4,3,1,0,1
207,207,1019,73319,1,2023-11-18,3219306.0,433017.0,10136.271088,42470.0,4757.228310914037,0.0,0.0,5787.729250392958,0.0,0.0,42470.0,10136.271088,433017.0,3219306.0,4757.228310914037,5787.729250392958,,,,,218,1019,80,2023,10,17,5,3,1,1,1
208,208,1019,73319,1,2023-11-19,3066018.0,396428.0,8844.426128,39582.0,4381.612781881477,0.0,0.0,5127.680761881478,0.0,0.0,39582.0,8844.426128,396428.0,3066018.0,4381.612781881477,5127.680761881478,,,,,218,1019,80,2023,10,18,6,3,1,1,1
209,209,1019,73319,1,2023-11-20,2236411.0,293744.0,7002.904896999999,29142.0,3397.728505602071,0.0,0.0,4135.664792602072,0.0,0.0,29142.0,7002.904896999999,293744.0,2236411.0,3397.728505602071,4135.664792602072,,,,,218,1019,80,2023,10,19,0,3,1,0,1
210,210,1019,73319,1,2023-11-21,2287687.0,326743.0,8001.43751,30202.0,3937.2600997241702,0.0,0.0,4828.447783724172,0.0,0.0,30202.0,8001.43751,326743.0,2287687.0,3937.2600997241702,4828.447783724172,,,,,218,1019,80,2023,10,20,1,3,1,0,2
211,211,1019,73319,1,2023-11-22,2702985.0,499618.0,12871.530560000005,38296.0,5539.762432643662,0.0,0.0,6896.29044364366,0.0,0.0,38296.0,12871.530560000005,499618.0,2702985.0,5539.762432643662,6896.29044364366,,,,,218,1019,80,2023,10,21,2,3,1,0,2
212,212,1019,73319,1,2023-11-23,2839344.0,595937.0,16021.341554,43774.0,6849.940325314572,0.0,0.0,8413.661164314572,0.0,0.0,43774.0,16021.341554,595937.0,2839344.0,6849.940325314572,8413.661164314572,,,,,218,1019,80,2023,10,22,3,3,1,0,2
213,213,1019,73319,1,2023-11-24,2503634.0,472760.0,13338.273933999995,40277.0,5974.601260157974,0.0,0.0,7265.798652624259,0.0,0.0,40277.0,13338.273933999995,472760.0,2503634.0,5974.601260157974,7265.798652624259,,,,,218,1019,80,2023,10,23,4,3,1,0,2
214,214,1019,73319,1,2023-11-25,2841300.0,548741.0,14499.317681,46038.0,6294.843572892632,0.0,0.0,7684.776548154228,0.0,0.0,46038.0,14499.317681,548741.0,2841300.0,6294.843572892632,7684.776548154228,,,,,218,1019,80,2023,10,24,5,3,1,1,2
215,215,1019,73319,1,2023-11-26,2804705.0,548806.0,14207.867440000002,44152.0,6174.276464178237,0.0,0.0,7070.420810133797,0.0,0.0,44152.0,14207.867440000002,548806.0,2804705.0,6174.276464178237,7070.420810133797,,,,,218,1019,80,2023,10,25,6,3,1,1,2
216,216,1019,73319,1,2023-11-27,2054544.0,320583.0,8739.105380000003,26884.0,3509.513119005026,0.0,0.0,4221.097348696094,0.0,0.0,26884.0,8739.105380000003,320583.0,2054544.0,3509.513119005026,4221.097348696094,,,,,218,1019,80,2023,10,26,0,3,1,0,2
217,217,1019,73319,1,2023-11-28,1861802.0,259909.0,6940.119059000001,23867.0,2911.1789328232576,0.0,0.0,3495.9916658232582,0.0,0.0,23867.0,6940.119059000001,259909.0,1861802.0,2911.1789328232576,3495.9916658232582,,,,,218,1019,80,2023,10,27,1,3,1,0,2
218,218,1019,73319,1,2023-11-29,1901129.0,232477.0,6409.581733000001,23158.0,2763.6202855617626,0.0,0.0,3338.655949561762,0.0,0.0,23158.0,6409.581733000001,232477.0,1901129.0,2763.6202855617626,3338.655949561762,,,,,218,1019,80,2023,10,28,2,3,1,0,2
219,219,1019,73319,1,2023-11-30,1742117.0,259587.0,7026.495301000002,24318.0,2991.342758276084,0.0,0.0,3628.527146276084,0.0,0.0,24318.0,7026.495301000002,259587.0,1742117.0,2991.342758276084,3628.527146276084,,,,,218,1019,80,2023,10,29,3,3,1,0,2
220,220,1019,73319,1,2023-12-01,2062012.0,339935.0,8279.448999999997,28472.0,3431.0103087075504,0.0,0.0,4264.768824447086,0.0,0.0,28472.0,8279.448999999997,339935.0,2062012.0,3431.0103087075504,4264.768824447086,,,,,218,1019,80,2023,11,0,4,3,2,0,0
221,221,1019,73319,1,2023-12-02,2873462.0,589285.0,14686.773745,43288.0,6239.109565296551,0.0,0.0,7633.67354329655,0.0,0.0,43288.0,14686.773745,589285.0,2873462.0,6239.109565296551,7633.67354329655,,,,,218,1019,80,2023,11,1,5,3,2,1,0
222,222,1019,73319,1,2023-12-03,2853209.0,367912.0,9939.672420999996,35976.0,4672.855385570761,0.0,0.0,5334.70394757076,0.0,0.0,35976.0,9939.672420999996,367912.0,2853209.0,4672.855385570761,5334.70394757076,,,,,218,1019,80,2023,11,2,6,3,2,1,0
223,223,1019,73319,1,2023-12-04,1715339.0,191707.0,5680.025618,22466.0,2286.3992557392994,0.0,0.0,2731.0725707392994,0.0,0.0,22466.0,5680.025618,191707.0,1715339.0,2286.3992557392994,2731.0725707392994,,,,,218,1019,80,2023,11,3,0,3,2,0,0
224,224,1019,73319,1,2023-12-05,1716265.0,193448.0,4889.109239999999,21378.0,2190.3327014853603,0.0,0.0,2631.3960653635513,0.0,0.0,21378.0,4889.109239999999,193448.0,1716265.0,2190.3327014853603,2631.3960653635513,,,,,218,1019,80,2023,11,4,1,3,2,0,0
225,225,1019,73319,1,2023-12-06,1805598.0,209738.0,5397.201141000001,22214.0,2457.8991609999994,0.0,0.0,2985.3520970000004,0.0,0.0,22214.0,5397.201141000001,209738.0,1805598.0,2457.8991609999994,2985.3520970000004,,,,,218,1019,80,2023,11,5,2,3,2,0,0
226,226,1019,73319,1,2023-12-07,1820119.0,222942.0,5919.708543999999,24134.0,2776.658115210442,0.0,0.0,3340.1160942104425,0.0,0.0,24134.0,5919.708543999999,222942.0,1820119.0,2776.658115210442,3340.1160942104425,,,,,218,1019,80,2023,11,6,3,3,2,0,0
227,227,1019,73319,1,2023-12-08,1850433.0,259241.0,6214.312321000001,29574.0,3129.657369811659,0.0,0.0,3789.987721811659,0.0,0.0,29574.0,6214.312321000001,259241.0,1850433.0,3129.657369811659,3789.987721811659,,,,,218,1019,80,2023,11,7,4,3,2,0,0
228,228,1019,73319,1,2023-12-09,2302314.0,380953.0,9670.163191999998,41206.0,4721.245238826776,0.0,0.0,5645.470859826778,0.0,0.0,41206.0,9670.163191999998,380953.0,2302314.0,4721.245238826776,5645.470859826778,,,,,218,1019,80,2023,11,8,5,3,2,1,0
229,229,1019,73319,1,2023-12-10,2351355.0,326171.0,8669.347016,37535.0,4311.612924467995,0.0,0.0,4932.507161467995,0.0,0.0,37535.0,8669.347016,326171.0,2351355.0,4311.612924467995,4932.507161467995,,,,,218,1019,80,2023,11,9,6,3,2,1,0
230,230,1019,73319,1,2023-12-11,1776887.0,249608.0,6301.215785,25933.0,2850.940144792293,0.0,0.0,3442.6156357922923,0.0,0.0,25933.0,6301.215785,249608.0,1776887.0,2850.940144792293,3442.6156357922923,,,,,218,1019,80,2023,11,10,0,3,2,0,1
231,231,1019,73319,1,2023-12-12,1814707.0,318353.0,7469.168925000001,29054.0,3161.401546853504,0.0,0.0,3869.903911853503,0.0,0.0,29054.0,7469.168925000001,318353.0,1814707.0,3161.401546853504,3869.903911853503,,,,,218,1019,80,2023,11,11,1,3,2,0,1
232,232,1019,73319,1,2023-12-13,1984317.0,338987.0,7969.835064000001,30557.0,3323.591953677126,0.0,0.0,4049.9888706771258,0.0,0.0,30557.0,7969.835064000001,338987.0,1984317.0,3323.591953677126,4049.9888706771258,,,,,218,1019,80,2023,11,12,2,3,2,0,1
233,233,1019,73319,1,2023-12-14,1965192.0,381813.0,8992.552167000002,32376.0,3741.9856617039104,0.0,0.0,4561.82095770391,0.0,0.0,32376.0,8992.552167000002,381813.0,1965192.0,3741.9856617039104,4561.82095770391,,,,,218,1019,80,2023,11,13,3,3,2,0,1
234,234,1019,73319,1,2023-12-15,1989488.0,408874.0,9584.27639,34834.0,4070.209753869651,0.0,0.0,5038.041273060115,0.0,0.0,34834.0,9584.27639,408874.0,1989488.0,4070.209753869651,5038.041273060115,,,,,218,1019,80,2023,11,14,4,3,2,0,1
235,235,1019,73319,1,2023-12-16,2928985.0,565620.0,14280.408107000005,48588.0,6107.357229212445,0.0,0.0,7410.970424212444,0.0,0.0,48588.0,14280.408107000005,565620.0,2928985.0,6107.357229212445,7410.970424212444,,,,,218,1019,80,2023,11,15,5,3,2,1,1
236,236,1019,73319,1,2023-12-17,3149237.0,518224.0,12523.909614,46466.0,5669.82885750295,0.0,0.0,6601.946364502949,0.0,0.0,46466.0,12523.909614,518224.0,3149237.0,5669.82885750295,6601.946364502949,,,,,218,1019,80,2023,11,16,6,3,2,1,1
237,237,1019,73319,1,2023-12-18,2074353.0,397808.0,8464.001330999998,33497.0,3699.569995572541,0.0,0.0,4467.496782572541,0.0,0.0,33497.0,8464.001330999998,397808.0,2074353.0,3699.569995572541,4467.496782572541,,,,,218,1019,80,2023,11,17,0,3,2,0,1
238,238,1019,73319,1,2023-12-19,1723463.0,354163.0,7863.890305000001,31314.0,3503.940289129001,0.0,0.0,4203.85100709665,0.0,0.0,31314.0,7863.890305000001,354163.0,1723463.0,3503.940289129001,4203.85100709665,,,,,218,1019,80,2023,11,18,1,3,2,0,1
239,239,1019,73319,1,2023-12-20,1468392.0,357455.0,7784.412429,31623.0,3545.7474088290683,0.0,0.0,4290.434274829068,0.0,0.0,31623.0,7784.412429,357455.0,1468392.0,3545.7474088290683,4290.434274829068,,,,,218,1019,80,2023,11,19,2,3,2,0,1
240,240,1019,73319,1,2023-12-21,2532869.0,458347.0,10941.90963,36374.0,4585.499711606895,0.0,0.0,5642.034440606894,0.0,0.0,36374.0,10941.90963,458347.0,2532869.0,4585.499711606895,5642.034440606894,,,,,218,1019,80,2023,11,20,3,3,2,0,2
241,241,1019,73319,1,2023-12-22,2798454.0,503198.0,12915.845275,41094.0,5361.365044781219,0.0,0.0,6539.189325781215,0.0,0.0,41094.0,12915.845275,503198.0,2798454.0,5361.365044781219,6539.189325781215,,,,,218,1019,80,2023,11,21,4,3,2,0,2
242,242,1019,73319,1,2023-12-23,2672602.0,468856.0,11895.631433,43556.0,5374.711320789905,0.0,0.0,6562.142229789904,0.0,0.0,43556.0,11895.631433,468856.0,2672602.0,5374.711320789905,6562.142229789904,,,,,218,1019,80,2023,11,22,5,3,2,1,2
243,243,1019,73319,1,2023-12-24,2343623.0,509929.0,13229.850539999998,47123.0,6159.729113801382,0.0,0.0,7145.599378801383,0.0,0.0,47123.0,13229.850539999998,509929.0,2343623.0,6159.729113801382,7145.599378801383,,,,,218,1019,80,2023,11,23,6,3,2,1,2
793,793,1019,73329,1,2023-10-25,680300.0,280715.0,5690.808448000002,26809.0,2597.980603000001,0.0,0.0,3099.9135559999995,0.0,0.0,26809.0,5690.808448000002,280715.0,680300.0,2597.980603000001,3099.9135559999995,,,,,218,1019,80,2023,9,24,2,3,0,0,2
794,794,1019,73329,1,2023-10-26,1952447.0,270983.0,5780.608287,28063.0,2656.5095670000005,0.0,0.0,3182.0064230000007,0.0,0.0,28063.0,5780.608287,270983.0,1952447.0,2656.5095670000005,3182.0064230000007,,,,,218,1019,80,2023,9,25,3,3,0,0,2
795,795,1019,73329,1,2023-10-27,1142413.0,323134.0,7002.9617499999995,33787.0,3218.759077,0.0,0.0,3919.92450484981,0.0,0.0,33787.0,7002.9617499999995,323134.0,1142413.0,3218.759077,3919.92450484981,,,,,218,1019,80,2023,9,26,4,3,0,0,2
796,796,1019,73329,1,2023-10-28,1453374.0,401429.0,9187.001358000003,42541.0,4428.474612978279,0.0,0.0,5313.211808978282,0.0,0.0,42541.0,9187.001358000003,401429.0,1453374.0,4428.474612978279,5313.211808978282,,,,,218,1019,80,2023,9,27,5,3,0,1,2
797,797,1019,73329,1,2023-10-29,1374834.0,394657.0,9338.486272,42281.0,4537.605855859465,0.0,0.0,5244.648321859464,0.0,0.0,42281.0,9338.486272,394657.0,1374834.0,4537.605855859465,5244.648321859464,,,,,218,1019,80,2023,9,28,6,3,0,1,2
798,798,1019,73329,1,2023-10-30,956856.0,304208.0,6094.062551999999,30308.0,2851.773781,0.0,0.0,3389.4690759999994,0.0,0.0,30308.0,6094.062551999999,304208.0,956856.0,2851.773781,3389.4690759999994,,,,,218,1019,80,2023,9,29,0,3,0,0,2
799,799,1019,73329,1,2023-10-31,946274.0,315893.0,6058.11378,29131.0,2720.421454,0.0,0.0,3261.110275000001,0.0,0.0,29131.0,6058.11378,315893.0,946274.0,2720.421454,3261.110275000001,,,,,218,1019,80,2023,9,30,1,3,0,0,3
800,800,1019,73329,1,2023-11-01,1302199.0,325096.0,6299.079102000001,31054.0,2939.6261970000005,0.0,0.0,3540.5520159999996,0.0,0.0,31054.0,6299.079102000001,325096.0,1302199.0,2939.6261970000005,3540.5520159999996,,,,,218,1019,80,2023,10,0,2,3,1,0,0
801,801,1019,73329,1,2023-11-02,1115695.0,299802.0,5881.273106999999,31362.0,2944.9019190000004,0.0,0.0,3528.4728510000004,0.0,0.0,31362.0,5881.273106999999,299802.0,1115695.0,2944.9019190000004,3528.4728510000004,,,,,218,1019,80,2023,10,1,3,3,1,0,0
802,802,1019,73329,1,2023-11-03,1037327.0,348705.0,7019.560413000005,35360.0,3526.185459000001,0.0,0.0,4280.737355000001,0.0,0.0,35360.0,7019.560413000005,348705.0,1037327.0,3526.185459000001,4280.737355000001,,,,,218,1019,80,2023,10,2,4,3,1,0,0
803,803,1019,73329,1,2023-11-04,1378647.0,468624.0,9940.966566,46144.0,4838.717586999999,0.0,0.0,5862.570850000003,0.0,0.0,46144.0,9940.966566,468624.0,1378647.0,4838.717586999999,5862.570850000003,,,,,218,1019,80,2023,10,3,5,3,1,1,0
804,804,1019,73329,1,2023-11-05,1403698.0,474295.0,9756.459364999995,45023.0,4769.480486,0.0,0.0,5533.294569,0.0,0.0,45023.0,9756.459364999995,474295.0,1403698.0,4769.480486,5533.294569,,,,,218,1019,80,2023,10,4,6,3,1,1,0
805,805,1019,73329,1,2023-11-06,871919.0,312083.0,6064.573137,29776.0,2965.196232,0.0,0.0,3521.9765689999995,0.0,0.0,29776.0,6064.573137,312083.0,871919.0,2965.196232,3521.9765689999995,,,,,218,1019,80,2023,10,5,0,3,1,0,0
806,806,1019,73329,1,2023-11-07,1027088.0,305495.0,5982.670047,28848.0,3074.105418,0.0,0.0,3644.744569000001,0.0,0.0,28848.0,5982.670047,305495.0,1027088.0,3074.105418,3644.744569000001,,,,,218,1019,80,2023,10,6,1,3,1,0,0
807,807,1019,73329,1,2023-11-08,1226275.0,286216.0,5468.617840999999,27293.0,2656.0288140000007,0.0,0.0,3154.8037530000006,0.0,0.0,27293.0,5468.617840999999,286216.0,1226275.0,2656.0288140000007,3154.8037530000006,,,,,218,1019,80,2023,10,7,2,3,1,0,0
808,808,1019,73329,1,2023-11-09,899274.0,310836.0,5815.595036999999,28938.0,2662.0503110000004,0.0,0.0,3220.3653590000004,0.0,0.0,28938.0,5815.595036999999,310836.0,899274.0,2662.0503110000004,3220.3653590000004,,,,,218,1019,80,2023,10,8,3,3,1,0,0
809,809,1019,73329,1,2023-11-10,2042961.0,405825.0,8447.458808000001,37107.0,3780.833141000001,0.0,0.0,4618.6259850000015,0.0,0.0,37107.0,8447.458808000001,405825.0,2042961.0,3780.833141000001,4618.6259850000015,,,,,218,1019,80,2023,10,9,4,3,1,0,0
810,810,1019,73329,1,2023-11-11,2796792.0,501101.0,10868.60382,46917.0,5069.4548859999995,0.0,0.0,6096.767388999996,0.0,0.0,46917.0,10868.60382,501101.0,2796792.0,5069.4548859999995,6096.767388999996,,,,,218,1019,80,2023,10,10,5,3,1,1,1
811,811,1019,73329,1,2023-11-12,2701324.0,439869.0,9726.391260000004,43140.0,4727.456187000001,0.0,0.0,5413.456549999999,0.0,0.0,43140.0,9726.391260000004,439869.0,2701324.0,4727.456187000001,5413.456549999999,,,,,218,1019,80,2023,10,11,6,3,1,1,1
812,812,1019,73329,1,2023-11-13,1762471.0,353630.0,6975.336612999999,30695.0,3106.233493999999,0.0,0.0,3749.418310000001,0.0,0.0,30695.0,6975.336612999999,353630.0,1762471.0,3106.233493999999,3749.418310000001,,,,,218,1019,80,2023,10,12,0,3,1,0,1
813,813,1019,73329,1,2023-11-14,1594965.0,376602.0,7172.5508119999995,30552.0,3185.083406000001,0.0,0.0,3834.768926,0.0,0.0,30552.0,7172.5508119999995,376602.0,1594965.0,3185.083406000001,3834.768926,,,,,218,1019,80,2023,10,13,1,3,1,0,1
814,814,1019,73329,1,2023-11-15,1719964.0,354860.0,7032.533438999999,30927.0,3087.6754789999995,0.0,0.0,3671.019689,0.0,0.0,30927.0,7032.533438999999,354860.0,1719964.0,3087.6754789999995,3671.019689,,,,,218,1019,80,2023,10,14,2,3,1,0,1
815,815,1019,73329,1,2023-11-16,1993057.0,342245.0,6848.118715999999,31159.0,2853.542171,0.0,0.0,3448.650252,0.0,0.0,31159.0,6848.118715999999,342245.0,1993057.0,2853.542171,3448.650252,,,,,218,1019,80,2023,10,15,3,3,1,0,1
816,816,1019,73329,1,2023-11-17,2038538.0,396008.0,7667.840667999995,35993.0,3283.8326860000016,0.0,0.0,4011.351206,0.0,0.0,35993.0,7667.840667999995,396008.0,2038538.0,3283.8326860000016,4011.351206,,,,,218,1019,80,2023,10,16,4,3,1,0,1
817,817,1019,73329,1,2023-11-18,2786634.0,479824.0,10189.123335,46296.0,4726.708143,0.0,0.0,5698.991398000001,0.0,0.0,46296.0,10189.123335,479824.0,2786634.0,4726.708143,5698.991398000001,,,,,218,1019,80,2023,10,17,5,3,1,1,1
818,818,1019,73329,1,2023-11-19,3073580.0,531702.0,10738.638887,47238.0,5064.351426999998,0.0,0.0,5956.0988560000005,0.0,0.0,47238.0,10738.638887,531702.0,3073580.0,5064.351426999998,5956.0988560000005,,,,,218,1019,80,2023,10,18,6,3,1,1,1
819,819,1019,73329,1,2023-11-20,2219055.0,399328.0,8646.717993999999,36337.0,3988.424804,0.0,0.0,4863.025551000001,0.0,0.0,36337.0,8646.717993999999,399328.0,2219055.0,3988.424804,4863.025551000001,,,,,218,1019,80,2023,10,19,0,3,1,0,1
820,820,1019,73329,1,2023-11-21,2354699.0,394898.0,8637.627530999998,34827.0,4030.437206858622,0.0,0.0,4807.179982858622,0.0,0.0,34827.0,8637.627530999998,394898.0,2354699.0,4030.437206858622,4807.179982858622,,,,,218,1019,80,2023,10,20,1,3,1,0,2
821,821,1019,73329,1,2023-11-22,2614460.0,428093.0,10860.485989999996,38180.0,4553.691853,0.0,0.0,5520.081866999999,0.0,0.0,38180.0,10860.485989999996,428093.0,2614460.0,4553.691853,5520.081866999999,,,,,218,1019,80,2023,10,21,2,3,1,0,2
822,822,1019,73329,1,2023-11-23,3082471.0,476391.0,13613.232166000003,43561.0,5465.234638999998,0.0,0.0,6661.860127999999,0.0,0.0,43561.0,13613.232166000003,476391.0,3082471.0,5465.234638999998,6661.860127999999,,,,,218,1019,80,2023,10,22,3,3,1,0,2
823,823,1019,73329,1,2023-11-24,2671353.0,447608.0,12545.027905000004,42804.0,5274.090151677581,0.0,0.0,6316.091290355162,0.0,0.0,42804.0,12545.027905000004,447608.0,2671353.0,5274.090151677581,6316.091290355162,,,,,218,1019,80,2023,10,23,4,3,1,0,2
824,824,1019,73329,1,2023-11-25,2936303.0,473643.0,12605.779197000003,45446.0,5420.782698,0.0,0.0,6448.444527,0.0,0.0,45446.0,12605.779197000003,473643.0,2936303.0,5420.782698,6448.444527,,,,,218,1019,80,2023,10,24,5,3,1,1,2
825,825,1019,73329,1,2023-11-26,3327884.0,542269.0,12831.153201000005,44869.0,5821.734215,0.0,0.0,6627.984498,0.0,0.0,44869.0,12831.153201000005,542269.0,3327884.0,5821.734215,6627.984498,,,,,218,1019,80,2023,10,25,6,3,1,1,2
826,826,1019,73329,1,2023-11-27,2044734.0,378209.0,8027.605354000001,30067.0,3572.799068999999,0.0,0.0,4215.64458,0.0,0.0,30067.0,8027.605354000001,378209.0,2044734.0,3572.799068999999,4215.64458,,,,,218,1019,80,2023,10,26,0,3,1,0,2
827,827,1019,73329,1,2023-11-28,1473908.0,274394.0,7133.841106999998,27916.0,2651.7790210000007,0.0,0.0,3233.848653999999,0.0,0.0,27916.0,7133.841106999998,274394.0,1473908.0,2651.7790210000007,3233.848653999999,,,,,218,1019,80,2023,10,27,1,3,1,0,2
828,828,1019,73329,1,2023-11-29,1001783.0,211346.0,5595.481955,24488.0,2800.862125000001,0.0,0.0,3176.8372980000004,0.0,0.0,24488.0,5595.481955,211346.0,1001783.0,2800.862125000001,3176.8372980000004,,,,,218,1019,80,2023,10,28,2,3,1,0,2
829,829,1019,73329,1,2023-11-30,992529.0,233764.0,5271.341077000001,24665.0,2317.128184999999,0.0,0.0,2714.5673600000005,0.0,0.0,24665.0,5271.341077000001,233764.0,992529.0,2317.128184999999,2714.5673600000005,,,,,218,1019,80,2023,10,29,3,3,1,0,2
830,830,1019,73329,1,2023-12-01,1499088.0,376310.0,6456.403285000001,30667.0,2622.064817,0.0,0.0,3152.429984,0.0,0.0,30667.0,6456.403285000001,376310.0,1499088.0,2622.064817,3152.429984,,,,,218,1019,80,2023,11,0,4,3,2,0,0
831,831,1019,73329,1,2023-12-02,2130409.0,476622.0,9732.62952399999,41238.0,4021.384157362432,0.0,0.0,4821.238788362431,0.0,0.0,41238.0,9732.62952399999,476622.0,2130409.0,4021.384157362432,4821.238788362431,,,,,218,1019,80,2023,11,1,5,3,2,1,0
832,832,1019,73329,1,2023-12-03,1876721.0,456541.0,8660.401536000003,38571.0,3846.130840699524,0.0,0.0,4380.827270699524,0.0,0.0,38571.0,8660.401536000003,456541.0,1876721.0,3846.130840699524,4380.827270699524,,,,,218,1019,80,2023,11,2,6,3,2,1,0
833,833,1019,73329,1,2023-12-04,1169711.0,264672.0,4780.458015,24694.0,2127.822998,0.0,0.0,2482.343695000001,0.0,0.0,24694.0,4780.458015,264672.0,1169711.0,2127.822998,2482.343695000001,,,,,218,1019,80,2023,11,3,0,3,2,0,0
834,834,1019,73329,1,2023-12-05,878648.0,239913.0,4063.026022000002,23490.0,1977.4895906648153,0.0,0.0,2320.3438776648145,0.0,0.0,23490.0,4063.026022000002,239913.0,878648.0,1977.4895906648153,2320.3438776648145,,,,,218,1019,80,2023,11,4,1,3,2,0,0
835,835,1019,73329,1,2023-12-06,915409.0,237686.0,4042.275369,23121.0,1948.605478000001,0.0,0.0,2293.147004,0.0,0.0,23121.0,4042.275369,237686.0,915409.0,1948.605478000001,2293.147004,,,,,218,1019,80,2023,11,5,2,3,2,0,0
836,836,1019,73329,1,2023-12-07,1131727.0,252420.0,4515.110268999998,24431.0,1974.944605699926,0.0,0.0,2333.1597026999257,0.0,0.0,24431.0,4515.110268999998,252420.0,1131727.0,1974.944605699926,2333.1597026999257,,,,,218,1019,80,2023,11,6,3,3,2,0,0
837,837,1019,73329,1,2023-12-08,1265408.0,275596.0,5275.668646000004,28204.0,2159.8208694777554,0.0,0.0,2605.2005484777565,0.0,0.0,28204.0,5275.668646000004,275596.0,1265408.0,2159.8208694777554,2605.2005484777565,,,,,218,1019,80,2023,11,7,4,3,2,0,0
838,838,1019,73329,1,2023-12-09,1452574.0,342771.0,7642.523556999996,36702.0,3259.088663999999,0.0,0.0,3865.828103,0.0,0.0,36702.0,7642.523556999996,342771.0,1452574.0,3259.088663999999,3865.828103,,,,,218,1019,80,2023,11,8,5,3,2,1,0
839,839,1019,73329,1,2023-12-10,1456285.0,290927.0,6678.165435,32485.0,3033.331862000002,0.0,0.0,3439.1765537536585,0.0,0.0,32485.0,6678.165435,290927.0,1456285.0,3033.331862000002,3439.1765537536585,,,,,218,1019,80,2023,11,9,6,3,2,1,0
840,840,1019,73329,1,2023-12-11,968314.0,196261.0,4586.183875999999,22129.0,1909.257682,0.0,0.0,2253.0661790000004,0.0,0.0,22129.0,4586.183875999999,196261.0,968314.0,1909.257682,2253.0661790000004,,,,,218,1019,80,2023,11,10,0,3,2,0,1
841,841,1019,73329,1,2023-12-12,881573.0,182433.0,4763.567839000002,21974.0,1874.0166249999995,0.0,0.0,2210.0721949999997,0.0,0.0,21974.0,4763.567839000002,182433.0,881573.0,1874.0166249999995,2210.0721949999997,,,,,218,1019,80,2023,11,11,1,3,2,0,1
842,842,1019,73329,1,2023-12-13,916529.0,174633.0,3988.642997,21224.0,1683.887689318186,0.0,0.0,1951.4116483181865,0.0,0.0,21224.0,3988.642997,174633.0,916529.0,1683.887689318186,1951.4116483181865,,,,,218,1019,80,2023,11,12,2,3,2,0,1
843,843,1019,73329,1,2023-12-14,961192.0,177200.0,3726.997815999999,21427.0,1605.004132,0.0,0.0,1913.7345110000008,0.0,0.0,21427.0,3726.997815999999,177200.0,961192.0,1605.004132,1913.7345110000008,,,,,218,1019,80,2023,11,13,3,3,2,0,1
844,844,1019,73329,1,2023-12-15,898549.0,216577.0,4330.772006,25196.0,1963.101982,0.0,0.0,2353.801255,0.0,0.0,25196.0,4330.772006,216577.0,898549.0,1963.101982,2353.801255,,,,,218,1019,80,2023,11,14,4,3,2,0,1
845,845,1019,73329,1,2023-12-16,1617477.0,302773.0,6933.247459000003,34760.0,3160.3773693862,0.0,0.0,3736.937824386201,0.0,0.0,34760.0,6933.247459000003,302773.0,1617477.0,3160.3773693862,3736.937824386201,,,,,218,1019,80,2023,11,15,5,3,2,1,1
846,846,1019,73329,1,2023-12-17,1620764.0,305005.0,6967.1627929999995,34544.0,3297.8884650000005,0.0,0.0,3749.966708,0.0,0.0,34544.0,6967.1627929999995,305005.0,1620764.0,3297.8884650000005,3749.966708,,,,,218,1019,80,2023,11,16,6,3,2,1,1
847,847,1019,73329,1,2023-12-18,1076777.0,227036.0,4816.462964000002,25024.0,2193.712496,0.0,0.0,2575.852655,0.0,0.0,25024.0,4816.462964000002,227036.0,1076777.0,2193.712496,2575.852655,,,,,218,1019,80,2023,11,17,0,3,2,0,1
848,848,1019,73329,1,2023-12-19,1043561.0,207850.0,4493.382729000003,24144.0,2025.7287109999995,0.0,0.0,2370.9729929999994,0.0,0.0,24144.0,4493.382729000003,207850.0,1043561.0,2025.7287109999995,2370.9729929999994,,,,,218,1019,80,2023,11,18,1,3,2,0,1
849,849,1019,73329,1,2023-12-20,1063353.0,230207.0,4725.846983999998,25210.0,2005.0173720000005,0.0,0.0,2374.033082,0.0,0.0,25210.0,4725.846983999998,230207.0,1063353.0,2005.0173720000005,2374.033082,,,,,218,1019,80,2023,11,19,2,3,2,0,1
850,850,1019,73329,1,2023-12-21,1226194.0,252191.0,5534.450362999997,27486.0,2350.8032040000003,0.0,0.0,2793.8923557166095,0.0,0.0,27486.0,5534.450362999997,252191.0,1226194.0,2350.8032040000003,2793.8923557166095,,,,,218,1019,80,2023,11,20,3,3,2,0,2
851,851,1019,73329,1,2023-12-22,1344531.0,274567.0,6241.712677000001,30930.0,2747.001078126227,0.0,0.0,3233.5837391262276,0.0,0.0,30930.0,6241.712677000001,274567.0,1344531.0,2747.001078126227,3233.5837391262276,,,,,218,1019,80,2023,11,21,4,3,2,0,2
852,852,1019,73329,1,2023-12-23,1851350.0,330307.0,7738.458882000002,37166.0,3452.7206730000007,0.0,0.0,4120.1628489999985,0.0,0.0,37166.0,7738.458882000002,330307.0,1851350.0,3452.7206730000007,4120.1628489999985,,,,,218,1019,80,2023,11,22,5,3,2,1,2
853,853,1019,73329,1,2023-12-24,1942188.0,373423.0,8097.071306000003,39744.0,3864.381482,0.0,0.0,4449.6550179999995,0.0,0.0,39744.0,8097.071306000003,373423.0,1942188.0,3864.381482,4449.6550179999995,,,,,218,1019,80,2023,11,23,6,3,2,1,2
2440,2440,1019,77716,2,2023-10-25,942785.0,127104.0,504.66951199999994,15882.0,353.435049,0.0,0.0,426.53588399999984,0.0,0.0,15882.0,504.66951199999994,127104.0,942785.0,353.435049,426.53588399999984,,,,,218,1019,80,2023,9,24,2,3,0,0,2
2441,2441,1019,77716,2,2023-10-26,959315.0,141596.0,494.28507200000007,17310.0,318.9767729537651,0.0,0.0,377.7698879537651,0.0,0.0,17310.0,494.28507200000007,141596.0,959315.0,318.9767729537651,377.7698879537651,,,,,218,1019,80,2023,9,25,3,3,0,0,2
2442,2442,1019,77716,2,2023-10-27,1330649.0,133575.0,588.3177009999999,17905.0,396.4886602567366,0.0,0.0,470.2917782567364,0.0,0.0,17905.0,588.3177009999999,133575.0,1330649.0,396.4886602567366,470.2917782567364,,,,,218,1019,80,2023,9,26,4,3,0,0,2
2443,2443,1019,77716,2,2023-10-28,1480457.0,147946.0,623.16241,19355.0,426.3784060000001,0.0,0.0,508.4281270000001,0.0,0.0,19355.0,623.16241,147946.0,1480457.0,426.3784060000001,508.4281270000001,,,,,218,1019,80,2023,9,27,5,3,0,1,2
2444,2444,1019,77716,2,2023-10-29,1088916.0,146916.0,646.54245,19512.0,452.2287639999999,0.0,0.0,514.699292,0.0,0.0,19512.0,646.54245,146916.0,1088916.0,452.2287639999999,514.699292,,,,,218,1019,80,2023,9,28,6,3,0,1,2
2445,2445,1019,77716,2,2023-10-30,579394.0,129043.0,553.3881040000001,17441.0,369.805438,0.0,0.0,435.273083,0.0,0.0,17441.0,553.3881040000001,129043.0,579394.0,369.805438,435.273083,,,,,218,1019,80,2023,9,29,0,3,0,0,2
2446,2446,1019,77716,2,2023-10-31,795737.0,133613.0,568.8706670000001,17730.0,363.784267,0.0,0.0,421.26716000000016,0.0,0.0,17730.0,568.8706670000001,133613.0,795737.0,363.784267,421.26716000000016,,,,,218,1019,80,2023,9,30,1,3,0,0,3
2447,2447,1019,77716,2,2023-11-01,1454566.0,150582.0,601.807663,18609.0,386.893512,0.0,0.0,457.1379139999999,0.0,0.0,18609.0,601.807663,150582.0,1454566.0,386.893512,457.1379139999999,,,,,218,1019,80,2023,10,0,2,3,1,0,0
2448,2448,1019,77716,2,2023-11-02,1679429.0,156786.0,621.616223,19758.0,402.3183159999999,0.0,0.0,479.496742,0.0,0.0,19758.0,621.616223,156786.0,1679429.0,402.3183159999999,479.496742,,,,,218,1019,80,2023,10,1,3,3,1,0,0
2449,2449,1019,77716,2,2023-11-03,1093610.0,160185.0,676.8633070000003,20640.0,433.314362,0.0,0.0,513.1991730000001,0.0,0.0,20640.0,676.8633070000003,160185.0,1093610.0,433.314362,513.1991730000001,,,,,218,1019,80,2023,10,2,4,3,1,0,0
2450,2450,1019,77716,2,2023-11-04,1038975.0,166920.0,689.8578120000001,22478.0,454.3050190000002,0.0,0.0,538.968919,0.0,0.0,22478.0,689.8578120000001,166920.0,1038975.0,454.3050190000002,538.968919,,,,,218,1019,80,2023,10,3,5,3,1,1,0
2451,2451,1019,77716,2,2023-11-05,1487853.0,188919.0,642.5692589999999,24164.0,418.48284499999994,0.0,0.0,476.607647,0.0,0.0,24164.0,642.5692589999999,188919.0,1487853.0,418.48284499999994,476.607647,,,,,218,1019,80,2023,10,4,6,3,1,1,0
2452,2452,1019,77716,2,2023-11-06,916161.0,139901.0,516.7712369999997,18966.0,334.339042,0.0,0.0,390.90793699999995,0.0,0.0,18966.0,516.7712369999997,139901.0,916161.0,334.339042,390.90793699999995,,,,,218,1019,80,2023,10,5,0,3,1,0,0
2453,2453,1019,77716,2,2023-11-07,573678.0,135150.0,489.512061,17905.0,310.53616500000004,0.0,0.0,373.7820550000001,0.0,0.0,17905.0,489.512061,135150.0,573678.0,310.53616500000004,373.7820550000001,,,,,218,1019,80,2023,10,6,1,3,1,0,0
2454,2454,1019,77716,2,2023-11-08,576065.0,135925.0,488.47310400000015,18109.0,318.812215196206,0.0,0.0,377.456851196206,0.0,0.0,18109.0,488.47310400000015,135925.0,576065.0,318.812215196206,377.456851196206,,,,,218,1019,80,2023,10,7,2,3,1,0,0
2455,2455,1019,77716,2,2023-11-09,949007.0,144088.0,496.561207,19426.0,309.690878,0.0,0.0,374.326879,0.0,0.0,19426.0,496.561207,144088.0,949007.0,309.690878,374.326879,,,,,218,1019,80,2023,10,8,3,3,1,0,0
2456,2456,1019,77716,2,2023-11-10,1670500.0,141752.0,523.016025,19310.0,352.0727139999999,0.0,0.0,424.50917600000014,0.0,0.0,19310.0,523.016025,141752.0,1670500.0,352.0727139999999,424.50917600000014,,,,,218,1019,80,2023,10,9,4,3,1,0,0
2457,2457,1019,77716,2,2023-11-11,2101189.0,166206.0,566.123036,22899.0,389.65138,0.0,0.0,458.419316,0.0,0.0,22899.0,566.123036,166206.0,2101189.0,389.65138,458.419316,,,,,218,1019,80,2023,10,10,5,3,1,1,1
2458,2458,1019,77716,2,2023-11-12,1313399.0,134664.0,556.795035,19948.0,390.0215549999999,0.0,0.0,449.965704,0.0,0.0,19948.0,556.795035,134664.0,1313399.0,390.0215549999999,449.965704,,,,,218,1019,80,2023,10,11,6,3,1,1,1
2459,2459,1019,77716,2,2023-11-13,598435.0,118631.0,463.82331099999993,17283.0,319.199126,0.0,0.0,379.0214920000001,0.0,0.0,17283.0,463.82331099999993,118631.0,598435.0,319.199126,379.0214920000001,,,,,218,1019,80,2023,10,12,0,3,1,0,1
2460,2460,1019,77716,2,2023-11-14,815477.0,133686.0,478.267973,18468.0,316.64402600000005,0.0,0.0,379.281632,0.0,0.0,18468.0,478.267973,133686.0,815477.0,316.64402600000005,379.281632,,,,,218,1019,80,2023,10,13,1,3,1,0,1
2461,2461,1019,77716,2,2023-11-15,768177.0,128287.0,522.0954449999999,18102.0,341.4293049999999,0.0,0.0,407.1321229999998,0.0,0.0,18102.0,522.0954449999999,128287.0,768177.0,341.4293049999999,407.1321229999998,,,,,218,1019,80,2023,10,14,2,3,1,0,1
2462,2462,1019,77716,2,2023-11-16,598692.0,133116.0,538.566288,18627.0,353.39910399999997,0.0,0.0,423.3888489999998,0.0,0.0,18627.0,538.566288,133116.0,598692.0,353.39910399999997,423.3888489999998,,,,,218,1019,80,2023,10,15,3,3,1,0,1
2463,2463,1019,77716,2,2023-11-17,961363.0,151811.0,547.8119119999999,19594.0,370.010326,0.0,0.0,445.12628,0.0,0.0,19594.0,547.8119119999999,151811.0,961363.0,370.010326,445.12628,,,,,218,1019,80,2023,10,16,4,3,1,0,1
2464,2464,1019,77716,2,2023-11-18,1376030.0,156687.0,645.5661029999998,21070.0,461.193884,0.0,0.0,538.5995419999999,0.0,0.0,21070.0,645.5661029999998,156687.0,1376030.0,461.193884,538.5995419999999,,,,,218,1019,80,2023,10,17,5,3,1,1,1
2465,2465,1019,77716,2,2023-11-19,1795651.0,147413.0,629.781279,19406.0,449.37151,0.0,0.0,512.3821690000002,0.0,0.0,19406.0,629.781279,147413.0,1795651.0,449.37151,512.3821690000002,,,,,218,1019,80,2023,10,18,6,3,1,1,1
2466,2466,1019,77716,2,2023-11-20,2033099.0,133671.0,467.71375800000015,16389.0,313.85761399999996,0.0,0.0,368.834706,0.0,0.0,16389.0,467.71375800000015,133671.0,2033099.0,313.85761399999996,368.834706,,,,,218,1019,80,2023,10,19,0,3,1,0,1
2467,2467,1019,77716,2,2023-11-21,1254889.0,137299.0,504.4692579999999,17187.0,337.7272170000001,0.0,0.0,399.52244300000007,0.0,0.0,17187.0,504.4692579999999,137299.0,1254889.0,337.7272170000001,399.52244300000007,,,,,218,1019,80,2023,10,20,1,3,1,0,2
2468,2468,1019,77716,2,2023-11-22,602706.0,138949.0,546.1033079999997,17901.0,358.75334999999995,0.0,0.0,425.039085,0.0,0.0,17901.0,546.1033079999997,138949.0,602706.0,358.75334999999995,425.039085,,,,,218,1019,80,2023,10,21,2,3,1,0,2
2469,2469,1019,77716,2,2023-11-23,591461.0,149412.0,553.063856,20043.0,379.492899,0.0,0.0,447.91757499999994,0.0,0.0,20043.0,553.063856,149412.0,591461.0,379.492899,447.91757499999994,,,,,218,1019,80,2023,10,22,3,3,1,0,2
2470,2470,1019,77716,2,2023-11-24,558561.0,141790.0,532.2939370000001,20341.0,372.20448600000014,0.0,0.0,438.79449299999993,0.0,0.0,20341.0,532.2939370000001,141790.0,558561.0,372.20448600000014,438.79449299999993,,,,,218,1019,80,2023,10,23,4,3,1,0,2
2471,2471,1019,77716,2,2023-11-25,959692.0,199451.0,778.4914359999999,25921.0,482.4714319999999,0.0,0.0,571.4465940000001,0.0,0.0,25921.0,778.4914359999999,199451.0,959692.0,482.4714319999999,571.4465940000001,,,,,218,1019,80,2023,10,24,5,3,1,1,2
2472,2472,1019,77716,2,2023-11-26,1392519.0,155616.0,778.078562,20705.0,526.5215289999999,0.0,0.0,600.128862,0.0,0.0,20705.0,778.078562,155616.0,1392519.0,526.5215289999999,600.128862,,,,,218,1019,80,2023,10,25,6,3,1,1,2
2473,2473,1019,77716,2,2023-11-27,1367330.0,168430.0,847.8540140000002,21324.0,549.6384859999996,0.0,0.0,645.9560640000002,0.0,0.0,21324.0,847.8540140000002,168430.0,1367330.0,549.6384859999996,645.9560640000002,,,,,218,1019,80,2023,10,26,0,3,1,0,2
2474,2474,1019,77716,2,2023-11-28,1245789.0,165485.0,1016.767333,21438.0,608.4633610000002,0.0,0.0,711.5566120000001,0.0,0.0,21438.0,1016.767333,165485.0,1245789.0,608.4633610000002,711.5566120000001,,,,,218,1019,80,2023,10,27,1,3,1,0,2
2475,2475,1019,77716,2,2023-11-29,1441627.0,176598.0,1047.1348260000002,21859.0,626.3735429999998,0.0,0.0,749.8623560000002,0.0,0.0,21859.0,1047.1348260000002,176598.0,1441627.0,626.3735429999998,749.8623560000002,,,,,218,1019,80,2023,10,28,2,3,1,0,2
2476,2476,1019,77716,2,2023-11-30,1127845.0,162228.0,1139.1459789999997,22300.0,639.6934349999999,0.0,0.0,754.5105320000002,0.0,0.0,22300.0,1139.1459789999997,162228.0,1127845.0,639.6934349999999,754.5105320000002,,,,,218,1019,80,2023,10,29,3,3,1,0,2
2477,2477,1019,77716,2,2023-12-01,953972.0,229265.0,1240.970062,29379.0,722.1787542354773,0.0,0.0,852.4863812354773,0.0,0.0,29379.0,1240.970062,229265.0,953972.0,722.1787542354773,852.4863812354773,,,,,218,1019,80,2023,11,0,4,3,2,0,0
2478,2478,1019,77716,2,2023-12-02,831413.0,210508.0,1407.4540819999995,28879.0,839.0789960000002,0.0,0.0,979.115706,0.0,0.0,28879.0,1407.4540819999995,210508.0,831413.0,839.0789960000002,979.115706,,,,,218,1019,80,2023,11,1,5,3,2,1,0
2479,2479,1019,77716,2,2023-12-03,610880.0,197218.0,1296.2099020000005,26831.0,794.5768340000002,0.0,0.0,906.2343300000002,0.0,0.0,26831.0,1296.2099020000005,197218.0,610880.0,794.5768340000002,906.2343300000002,,,,,218,1019,80,2023,11,2,6,3,2,1,0
2480,2480,1019,77716,2,2023-12-04,1198325.0,181696.0,1137.1097369999998,23266.0,659.1373330000001,0.0,0.0,776.0129820000003,0.0,0.0,23266.0,1137.1097369999998,181696.0,1198325.0,659.1373330000001,776.0129820000003,,,,,218,1019,80,2023,11,3,0,3,2,0,0
2481,2481,1019,77716,2,2023-12-05,1927014.0,215356.0,1108.4528639999996,26739.0,626.529396,0.0,0.0,745.0890320000001,0.0,0.0,26739.0,1108.4528639999996,215356.0,1927014.0,626.529396,745.0890320000001,,,,,218,1019,80,2023,11,4,1,3,2,0,0
2482,2482,1019,77716,2,2023-12-06,1241709.0,195165.0,1181.1800559999997,25132.0,666.6517579999997,0.0,0.0,787.3154769999998,0.0,0.0,25132.0,1181.1800559999997,195165.0,1241709.0,666.6517579999997,787.3154769999998,,,,,218,1019,80,2023,11,5,2,3,2,0,0
2483,2483,1019,77716,2,2023-12-07,772218.0,224703.0,1158.2983289999995,28377.0,683.691979,0.0,0.0,796.084727,0.0,0.0,28377.0,1158.2983289999995,224703.0,772218.0,683.691979,796.084727,,,,,218,1019,80,2023,11,6,3,3,2,0,0
2484,2484,1019,77716,2,2023-12-08,966120.0,226703.0,1253.572204,29790.0,697.7840849999999,0.0,0.0,812.4659530000001,0.0,0.0,29790.0,1253.572204,226703.0,966120.0,697.7840849999999,812.4659530000001,,,,,218,1019,80,2023,11,7,4,3,2,0,0
2485,2485,1019,77716,2,2023-12-09,1007937.0,247913.0,1389.3516400000003,32688.0,828.159476,0.0,0.0,963.6634970000003,0.0,0.0,32688.0,1389.3516400000003,247913.0,1007937.0,828.159476,963.6634970000003,,,,,218,1019,80,2023,11,8,5,3,2,1,0
2486,2486,1019,77716,2,2023-12-10,908155.0,277327.0,1387.054566,34734.0,825.3767950000001,0.0,0.0,955.6131460000004,0.0,0.0,34734.0,1387.054566,277327.0,908155.0,825.3767950000001,955.6131460000004,,,,,218,1019,80,2023,11,9,6,3,2,1,0
2487,2487,1019,77716,2,2023-12-11,598312.0,186736.0,1187.832303,25023.0,697.266242595573,0.0,0.0,816.6986325955731,0.0,0.0,25023.0,1187.832303,186736.0,598312.0,697.266242595573,816.6986325955731,,,,,218,1019,80,2023,11,10,0,3,2,0,1
2488,2488,1019,77716,2,2023-12-12,1214613.0,218183.0,1149.5250199999998,27172.0,644.2422969999998,0.0,0.0,764.5433209999998,0.0,0.0,27172.0,1149.5250199999998,218183.0,1214613.0,644.2422969999998,764.5433209999998,,,,,218,1019,80,2023,11,11,1,3,2,0,1
2489,2489,1019,77716,2,2023-12-13,2454934.0,245358.0,1127.0639329999997,29459.0,634.2766979999999,0.0,0.0,749.8881969999998,0.0,0.0,29459.0,1127.0639329999997,245358.0,2454934.0,634.2766979999999,749.8881969999998,,,,,218,1019,80,2023,11,12,2,3,2,0,1
2490,2490,1019,77716,2,2023-12-14,2554181.0,200587.0,1136.846023,26167.0,645.2856550000001,0.0,0.0,756.3204170000001,0.0,0.0,26167.0,1136.846023,200587.0,2554181.0,645.2856550000001,756.3204170000001,,,,,218,1019,80,2023,11,13,3,3,2,0,1
2491,2491,1019,77716,2,2023-12-15,1663515.0,199189.0,1145.9952539999997,25948.0,680.0687710000002,0.0,0.0,797.2183950000002,0.0,0.0,25948.0,1145.9952539999997,199189.0,1663515.0,680.0687710000002,797.2183950000002,,,,,218,1019,80,2023,11,14,4,3,2,0,1
2492,2492,1019,77716,2,2023-12-16,982781.0,199902.0,1338.8983199999998,27536.0,800.4512609999998,0.0,0.0,921.8177440000004,0.0,0.0,27536.0,1338.8983199999998,199902.0,982781.0,800.4512609999998,921.8177440000004,,,,,218,1019,80,2023,11,15,5,3,2,1,1
2493,2493,1019,77716,2,2023-12-17,1084431.0,184183.0,1336.3804829999997,25910.0,806.3960399999999,0.0,0.0,909.04797,0.0,0.0,25910.0,1336.3804829999997,184183.0,1084431.0,806.3960399999999,909.04797,,,,,218,1019,80,2023,11,16,6,3,2,1,1
2494,2494,1019,77716,2,2023-12-18,1060211.0,175255.0,1144.3543359999996,23363.0,646.915623,0.0,0.0,758.7877850000002,0.0,0.0,23363.0,1144.3543359999996,175255.0,1060211.0,646.915623,758.7877850000002,,,,,218,1019,80,2023,11,17,0,3,2,0,1
2495,2495,1019,77716,2,2023-12-19,1007970.0,188525.0,1229.110055,24531.0,707.956769,0.0,0.0,837.128253,0.0,0.0,24531.0,1229.110055,188525.0,1007970.0,707.956769,837.128253,,,,,218,1019,80,2023,11,18,1,3,2,0,1
2496,2496,1019,77716,2,2023-12-20,911601.0,203497.0,1288.1083569999998,25921.0,684.1541839999999,0.0,0.0,807.2492730000001,0.0,0.0,25921.0,1288.1083569999998,203497.0,911601.0,684.1541839999999,807.2492730000001,,,,,218,1019,80,2023,11,19,2,3,2,0,1
2497,2497,1019,77716,2,2023-12-21,1207129.0,191260.0,1129.2143410000003,25799.0,630.531779,0.0,0.0,735.0590140000003,0.0,0.0,25799.0,1129.2143410000003,191260.0,1207129.0,630.531779,735.0590140000003,,,,,218,1019,80,2023,11,20,3,3,2,0,2
2498,2498,1019,77716,2,2023-12-22,1723005.0,203409.0,1125.847433,27148.0,685.7099750000001,0.0,0.0,798.0252990000001,0.0,0.0,27148.0,1125.847433,203409.0,1723005.0,685.7099750000001,798.0252990000001,,,,,218,1019,80,2023,11,21,4,3,2,0,2
2499,2499,1019,77716,2,2023-12-23,2063343.0,218479.0,1112.3736249999995,29774.0,654.557726,0.0,0.0,767.331328,0.0,0.0,29774.0,1112.3736249999995,218479.0,2063343.0,654.557726,767.331328,,,,,218,1019,80,2023,11,22,5,3,2,1,2
2500,2500,1019,77716,2,2023-12-24,1706105.0,190034.0,1112.5798479999996,25368.0,677.2144320000001,0.0,0.0,777.747061,0.0,0.0,25368.0,1112.5798479999996,190034.0,1706105.0,677.2144320000001,777.747061,,,,,218,1019,80,2023,11,23,6,3,2,1,2
10553,10553,1019,81012543,1,2023-10-25,1231241.0,75947.0,3240.286381,6527.0,1644.3648537224103,0.0,0.0,2231.6692128069208,0.0,0.0,6527.0,3240.286381,75947.0,1231241.0,1644.3648537224103,2231.6692128069208,,,,,218,1019,80,2023,9,24,2,3,0,0,2
10554,10554,1019,81012543,1,2023-10-26,1779710.0,72363.0,3337.930303000001,7112.0,1742.7669850466411,0.0,0.0,2316.9081103264903,0.0,0.0,7112.0,3337.930303000001,72363.0,1779710.0,1742.7669850466411,2316.9081103264903,,,,,218,1019,80,2023,9,25,3,3,0,0,2
10555,10555,1019,81012543,1,2023-10-27,1456017.0,72101.0,3412.2337360000006,7473.0,1852.277362841508,0.0,0.0,2470.9392958161925,0.0,0.0,7473.0,3412.2337360000006,72101.0,1456017.0,1852.277362841508,2470.9392958161925,,,,,218,1019,80,2023,9,26,4,3,0,0,2
10556,10556,1019,81012543,1,2023-10-28,1494079.0,80918.0,3791.761162,8184.0,2212.872011342646,0.0,0.0,2881.914124492836,0.0,0.0,8184.0,3791.761162,80918.0,1494079.0,2212.872011342646,2881.914124492836,,,,,218,1019,80,2023,9,27,5,3,0,1,2
10557,10557,1019,81012543,1,2023-10-29,1549927.0,97353.0,3882.844759,8664.0,2288.949695878903,0.0,0.0,2953.654650534721,0.0,0.0,8664.0,3882.844759,97353.0,1549927.0,2288.949695878903,2953.654650534721,,,,,218,1019,80,2023,9,28,6,3,0,1,2
10558,10558,1019,81012543,1,2023-10-30,1483439.0,74127.0,3315.9276610000015,7052.0,1952.741076282652,0.0,0.0,2579.851424613689,0.0,0.0,7052.0,3315.9276610000015,74127.0,1483439.0,1952.741076282652,2579.851424613689,,,,,218,1019,80,2023,9,29,0,3,0,0,2
10559,10559,1019,81012543,1,2023-10-31,1466392.0,65954.0,3155.989605,6513.0,1619.2488862842756,0.0,0.0,2135.644475882369,0.0,0.0,6513.0,3155.989605,65954.0,1466392.0,1619.2488862842756,2135.644475882369,,,,,218,1019,80,2023,9,30,1,3,0,0,3
10560,10560,1019,81012543,1,2023-11-01,1585801.0,58253.0,2955.2641540000004,6649.0,1551.389583922388,0.0,0.0,2035.640632817578,0.0,0.0,6649.0,2955.2641540000004,58253.0,1585801.0,1551.389583922388,2035.640632817578,,,,,218,1019,80,2023,10,0,2,3,1,0,0
10561,10561,1019,81012543,1,2023-11-02,1450335.0,63324.0,3112.981561999999,6813.0,1621.3709377615082,0.0,0.0,2149.178885053458,0.0,0.0,6813.0,3112.981561999999,63324.0,1450335.0,1621.3709377615082,2149.178885053458,,,,,218,1019,80,2023,10,1,3,3,1,0,0
10562,10562,1019,81012543,1,2023-11-03,1412234.0,64435.0,3210.665256,6600.0,1713.9233134009582,0.0,0.0,2281.3189442689163,0.0,0.0,6600.0,3210.665256,64435.0,1412234.0,1713.9233134009582,2281.3189442689163,,,,,218,1019,80,2023,10,2,4,3,1,0,0
10563,10563,1019,81012543,1,2023-11-04,1336805.0,72603.0,3505.1969820000004,7467.0,1939.4867777936229,0.0,0.0,2587.0951568405176,0.0,0.0,7467.0,3505.1969820000004,72603.0,1336805.0,1939.4867777936229,2587.0951568405176,,,,,218,1019,80,2023,10,3,5,3,1,1,0
10564,10564,1019,81012543,1,2023-11-05,1355614.0,68556.0,3526.964209,7704.0,1978.3314552230588,0.0,0.0,2476.2130023043455,0.0,0.0,7704.0,3526.964209,68556.0,1355614.0,1978.3314552230588,2476.2130023043455,,,,,218,1019,80,2023,10,4,6,3,1,1,0
10565,10565,1019,81012543,1,2023-11-06,1291643.0,56550.0,3025.2754360000004,6560.0,1753.7037341192051,0.0,0.0,2335.236299515341,0.0,0.0,6560.0,3025.2754360000004,56550.0,1291643.0,1753.7037341192051,2335.236299515341,,,,,218,1019,80,2023,10,5,0,3,1,0,0
10566,10566,1019,81012543,1,2023-11-07,1182586.0,60410.0,3071.7087359999996,6473.0,1663.0009840375683,0.0,0.0,2198.8437878531254,0.0,0.0,6473.0,3071.7087359999996,60410.0,1182586.0,1663.0009840375683,2198.8437878531254,,,,,218,1019,80,2023,10,6,1,3,1,0,0
10567,10567,1019,81012543,1,2023-11-08,1144855.0,56758.0,2885.4439230000007,6270.0,1608.4604345004109,0.0,0.0,2100.760569864926,0.0,0.0,6270.0,2885.4439230000007,56758.0,1144855.0,1608.4604345004109,2100.760569864926,,,,,218,1019,80,2023,10,7,2,3,1,0,0
10568,10568,1019,81012543,1,2023-11-09,1137794.0,50963.0,2833.540099,6339.0,1565.8287359309445,0.0,0.0,2093.289430355194,0.0,0.0,6339.0,2833.540099,50963.0,1137794.0,1565.8287359309445,2093.289430355194,,,,,218,1019,80,2023,10,8,3,3,1,0,0
10569,10569,1019,81012543,1,2023-11-10,1147255.0,63459.0,3383.6810109999997,6946.0,1770.5338736223855,0.0,0.0,2390.2711212980407,0.0,0.0,6946.0,3383.6810109999997,63459.0,1147255.0,1770.5338736223855,2390.2711212980407,,,,,218,1019,80,2023,10,9,4,3,1,0,0
10570,10570,1019,81012543,1,2023-11-11,1214280.0,72282.0,3656.011428,7780.0,1978.358662679566,0.0,0.0,2565.831485113396,0.0,0.0,7780.0,3656.011428,72282.0,1214280.0,1978.358662679566,2565.831485113396,,,,,218,1019,80,2023,10,10,5,3,1,1,1
10571,10571,1019,81012543,1,2023-11-12,1242942.0,74426.0,3669.153494,7426.0,2001.5419546031944,0.0,0.0,2482.860799603194,0.0,0.0,7426.0,3669.153494,74426.0,1242942.0,2001.5419546031944,2482.860799603194,,,,,218,1019,80,2023,10,11,6,3,1,1,1
10572,10572,1019,81012543,1,2023-11-13,1290494.0,56240.0,3074.6664570000003,6216.0,1427.25947104515,0.0,0.0,1901.5034064963488,0.0,0.0,6216.0,3074.6664570000003,56240.0,1290494.0,1427.25947104515,1901.5034064963488,,,,,218,1019,80,2023,10,12,0,3,1,0,1
10573,10573,1019,81012543,1,2023-11-14,1295327.0,53738.0,2878.973609,5716.0,1326.2356244396883,0.0,0.0,1772.3227273079904,0.0,0.0,5716.0,2878.973609,53738.0,1295327.0,1326.2356244396883,1772.3227273079904,,,,,218,1019,80,2023,10,13,1,3,1,0,1
10574,10574,1019,81012543,1,2023-11-15,1226097.0,63619.0,3068.2505219999994,6021.0,1440.5273237559566,0.0,0.0,1911.8741303813288,0.0,0.0,6021.0,3068.2505219999994,63619.0,1226097.0,1440.5273237559566,1911.8741303813288,,,,,218,1019,80,2023,10,14,2,3,1,0,1
10575,10575,1019,81012543,1,2023-11-16,1123932.0,55522.0,3044.5646580000007,5746.0,1528.5247687129086,0.0,0.0,2006.278909712909,0.0,0.0,5746.0,3044.5646580000007,55522.0,1123932.0,1528.5247687129086,2006.278909712909,,,,,218,1019,80,2023,10,15,3,3,1,0,1
10576,10576,1019,81012543,1,2023-11-17,1111583.0,71227.0,3607.988151,6661.0,1624.99004299302,0.0,0.0,2213.5755859930196,0.0,0.0,6661.0,3607.988151,71227.0,1111583.0,1624.99004299302,2213.5755859930196,,,,,218,1019,80,2023,10,16,4,3,1,0,1
10577,10577,1019,81012543,1,2023-11-18,1172873.0,94657.0,4586.09174,8359.0,2121.1478843374816,0.0,0.0,2794.584458259327,0.0,0.0,8359.0,4586.09174,94657.0,1172873.0,2121.1478843374816,2794.584458259327,,,,,218,1019,80,2023,10,17,5,3,1,1,1
10578,10578,1019,81012543,1,2023-11-19,1245387.0,97897.0,4143.424655999999,7926.0,2211.320405999999,0.0,0.0,2794.8397889999997,0.0,0.0,7926.0,4143.424655999999,97897.0,1245387.0,2211.320405999999,2794.8397889999997,,,,,218,1019,80,2023,10,18,6,3,1,1,1
10579,10579,1019,81012543,1,2023-11-20,1186730.0,94757.0,3838.890085000001,7204.0,1739.009403967503,0.0,0.0,2336.549762867617,0.0,0.0,7204.0,3838.890085000001,94757.0,1186730.0,1739.009403967503,2336.549762867617,,,,,218,1019,80,2023,10,19,0,3,1,0,1
10580,10580,1019,81012543,1,2023-11-21,1179253.0,101508.0,4076.455913,8820.0,3116.219667686458,0.0,0.0,4022.1868402050113,0.0,0.0,8820.0,4076.455913,101508.0,1179253.0,3116.219667686458,4022.1868402050113,,,,,218,1019,80,2023,10,20,1,3,1,0,2
10581,10581,1019,81012543,1,2023-11-22,1148856.0,111959.0,4850.012022999999,9126.0,3492.732887024039,0.0,0.0,4400.7816596411685,0.0,0.0,9126.0,4850.012022999999,111959.0,1148856.0,3492.732887024039,4400.7816596411685,,,,,218,1019,80,2023,10,21,2,3,1,0,2
10582,10582,1019,81012543,1,2023-11-23,1216113.0,182090.0,6524.6212239999995,10203.0,3902.3674107103334,0.0,0.0,5028.368018710333,0.0,0.0,10203.0,6524.6212239999995,182090.0,1216113.0,3902.3674107103334,5028.368018710333,,,,,218,1019,80,2023,10,22,3,3,1,0,2
10583,10583,1019,81012543,1,2023-11-24,1195937.0,175592.0,5696.729296000001,9202.0,3488.10726967268,0.0,0.0,4365.943082771286,0.0,0.0,9202.0,5696.729296000001,175592.0,1195937.0,3488.10726967268,4365.943082771286,,,,,218,1019,80,2023,10,23,4,3,1,0,2
10584,10584,1019,81012543,1,2023-11-25,1290599.0,179696.0,5742.477939999998,10147.0,3304.7465214752588,0.0,0.0,4218.709577262567,0.0,0.0,10147.0,5742.477939999998,179696.0,1290599.0,3304.7465214752588,4218.709577262567,,,,,218,1019,80,2023,10,24,5,3,1,1,2
10585,10585,1019,81012543,1,2023-11-26,1267156.0,184713.0,5969.959560999999,10802.0,3385.2813661984565,0.0,0.0,4135.537877245988,0.0,0.0,10802.0,5969.959560999999,184713.0,1267156.0,3385.2813661984565,4135.537877245988,,,,,218,1019,80,2023,10,25,6,3,1,1,2
10586,10586,1019,81012543,1,2023-11-27,1138776.0,139761.0,5263.713428,8202.0,2544.386766096117,0.0,0.0,3245.8218441751524,0.0,0.0,8202.0,5263.713428,139761.0,1138776.0,2544.386766096117,3245.8218441751524,,,,,218,1019,80,2023,10,26,0,3,1,0,2
10587,10587,1019,81012543,1,2023-11-28,1111798.0,105325.0,4849.536996999999,7843.0,2196.92317373689,0.0,0.0,2901.375254619221,0.0,0.0,7843.0,4849.536996999999,105325.0,1111798.0,2196.92317373689,2901.375254619221,,,,,218,1019,80,2023,10,27,1,3,1,0,2
10588,10588,1019,81012543,1,2023-11-29,1066252.0,94810.0,4878.782981,7774.0,2183.2533117234516,0.0,0.0,2768.962973037606,0.0,0.0,7774.0,4878.782981,94810.0,1066252.0,2183.2533117234516,2768.962973037606,,,,,218,1019,80,2023,10,28,2,3,1,0,2
10589,10589,1019,81012543,1,2023-11-30,1059155.0,89660.0,4443.78204,7146.0,2135.9308163143505,0.0,0.0,2767.0178922044483,0.0,0.0,7146.0,4443.78204,89660.0,1059155.0,2135.9308163143505,2767.0178922044483,,,,,218,1019,80,2023,10,29,3,3,1,0,2
10590,10590,1019,81012543,1,2023-12-01,1249232.0,96001.0,4587.884186,7671.0,2145.4762171026778,0.0,0.0,2723.967935233013,0.0,0.0,7671.0,4587.884186,96001.0,1249232.0,2145.4762171026778,2723.967935233013,,,,,218,1019,80,2023,11,0,4,3,2,0,0
10591,10591,1019,81012543,1,2023-12-02,1290175.0,108076.0,5059.954165,8937.0,2649.866490406464,0.0,0.0,3346.252200196994,0.0,0.0,8937.0,5059.954165,108076.0,1290175.0,2649.866490406464,3346.252200196994,,,,,218,1019,80,2023,11,1,5,3,2,1,0
10592,10592,1019,81012543,1,2023-12-03,1341201.0,113411.0,5015.737291000001,9001.0,2722.098535072546,0.0,0.0,3274.63964213535,0.0,0.0,9001.0,5015.737291000001,113411.0,1341201.0,2722.098535072546,3274.63964213535,,,,,218,1019,80,2023,11,2,6,3,2,1,0
10593,10593,1019,81012543,1,2023-12-04,1326556.0,98488.0,4611.49435,7305.0,2180.5907563086394,0.0,0.0,2724.58184730864,0.0,0.0,7305.0,4611.49435,98488.0,1326556.0,2180.5907563086394,2724.58184730864,,,,,218,1019,80,2023,11,3,0,3,2,0,0
10594,10594,1019,81012543,1,2023-12-05,1238547.0,90155.0,4292.288878999999,7100.0,1944.084451538332,0.0,0.0,2468.1414838947053,0.0,0.0,7100.0,4292.288878999999,90155.0,1238547.0,1944.084451538332,2468.1414838947053,,,,,218,1019,80,2023,11,4,1,3,2,0,0
10595,10595,1019,81012543,1,2023-12-06,1234212.0,106408.0,4211.713659999999,6900.0,2028.9795601999176,0.0,0.0,2547.9778439306024,0.0,0.0,6900.0,4211.713659999999,106408.0,1234212.0,2028.9795601999176,2547.9778439306024,,,,,218,1019,80,2023,11,5,2,3,2,0,0
10596,10596,1019,81012543,1,2023-12-07,1171894.0,79881.0,4065.146819000002,6627.0,1822.8735313150544,0.0,0.0,2296.299958531541,0.0,0.0,6627.0,4065.146819000002,79881.0,1171894.0,1822.8735313150544,2296.299958531541,,,,,218,1019,80,2023,11,6,3,3,2,0,0
10597,10597,1019,81012543,1,2023-12-08,1173119.0,81203.0,4107.456451999999,6933.0,1804.935253973845,0.0,0.0,2291.444245535686,0.0,0.0,6933.0,4107.456451999999,81203.0,1173119.0,1804.935253973845,2291.444245535686,,,,,218,1019,80,2023,11,7,4,3,2,0,0
10598,10598,1019,81012543,1,2023-12-09,1204716.0,95267.0,4653.375653000002,7834.0,2272.977510869396,0.0,0.0,2811.8763950554294,0.0,0.0,7834.0,4653.375653000002,95267.0,1204716.0,2272.977510869396,2811.8763950554294,,,,,218,1019,80,2023,11,8,5,3,2,1,0
10599,10599,1019,81012543,1,2023-12-10,1242204.0,101470.0,4630.064405999998,8145.0,2448.362875574843,0.0,0.0,2905.985668995413,0.0,0.0,8145.0,4630.064405999998,101470.0,1242204.0,2448.362875574843,2905.985668995413,,,,,218,1019,80,2023,11,9,6,3,2,1,0
10600,10600,1019,81012543,1,2023-12-11,1136364.0,72907.0,3746.275145,6288.0,1901.6275080555015,0.0,0.0,2415.123061648191,0.0,0.0,6288.0,3746.275145,72907.0,1136364.0,1901.6275080555015,2415.123061648191,,,,,218,1019,80,2023,11,10,0,3,2,0,1
10601,10601,1019,81012543,1,2023-12-12,886393.0,56344.0,3072.51065,5409.0,1424.467515827407,0.0,0.0,1834.9606780434972,0.0,0.0,5409.0,3072.51065,56344.0,886393.0,1424.467515827407,1834.9606780434972,,,,,218,1019,80,2023,11,11,1,3,2,0,1
10602,10602,1019,81012543,1,2023-12-13,873630.0,57106.0,3177.508260999999,5421.0,1478.022709536483,0.0,0.0,1915.7515909341053,0.0,0.0,5421.0,3177.508260999999,57106.0,873630.0,1478.022709536483,1915.7515909341053,,,,,218,1019,80,2023,11,12,2,3,2,0,1
10603,10603,1019,81012543,1,2023-12-14,889247.0,64053.0,3150.690142,5481.0,1425.930544548742,0.0,0.0,1777.1343676597137,0.0,0.0,5481.0,3150.690142,64053.0,889247.0,1425.930544548742,1777.1343676597137,,,,,218,1019,80,2023,11,13,3,3,2,0,1
10604,10604,1019,81012543,1,2023-12-15,847111.0,65112.0,3098.3347009999993,5322.0,1362.9144385121444,0.0,0.0,1715.1248221312144,0.0,0.0,5322.0,3098.3347009999993,65112.0,847111.0,1362.9144385121444,1715.1248221312144,,,,,218,1019,80,2023,11,14,4,3,2,0,1
10605,10605,1019,81012543,1,2023-12-16,970389.0,83661.0,3814.255017,6776.0,1867.248170884915,0.0,0.0,2373.8970056701205,0.0,0.0,6776.0,3814.255017,83661.0,970389.0,1867.248170884915,2373.8970056701205,,,,,218,1019,80,2023,11,15,5,3,2,1,1
10606,10606,1019,81012543,1,2023-12-17,1024243.0,88428.0,3922.092017,6970.0,2007.0241731000835,0.0,0.0,2435.329549165308,0.0,0.0,6970.0,3922.092017,88428.0,1024243.0,2007.0241731000835,2435.329549165308,,,,,218,1019,80,2023,11,16,6,3,2,1,1
10607,10607,1019,81012543,1,2023-12-18,922864.0,71922.0,3344.5514949999997,5914.0,1511.5471631385262,0.0,0.0,1893.2702375497693,0.0,0.0,5914.0,3344.5514949999997,71922.0,922864.0,1511.5471631385262,1893.2702375497693,,,,,218,1019,80,2023,11,17,0,3,2,0,1
10608,10608,1019,81012543,1,2023-12-19,844793.0,63234.0,2608.7709460000005,4811.0,1251.8201711695094,0.0,0.0,1562.5117919101422,0.0,0.0,4811.0,2608.7709460000005,63234.0,844793.0,1251.8201711695094,1562.5117919101422,,,,,218,1019,80,2023,11,18,1,3,2,0,1
10609,10609,1019,81012543,1,2023-12-20,751529.0,56131.0,2465.573930999999,4820.0,1199.9967392554938,0.0,0.0,1525.9921418398274,0.0,0.0,4820.0,2465.573930999999,56131.0,751529.0,1199.9967392554938,1525.9921418398274,,,,,218,1019,80,2023,11,19,2,3,2,0,1
10610,10610,1019,81012543,1,2023-12-21,743163.0,49672.0,2573.0359089999997,4637.0,1175.0983428641284,0.0,0.0,1490.5703928641285,0.0,0.0,4637.0,2573.0359089999997,49672.0,743163.0,1175.0983428641284,1490.5703928641285,,,,,218,1019,80,2023,11,20,3,3,2,0,2
10611,10611,1019,81012543,1,2023-12-22,761954.0,55911.0,2778.2868089999997,4991.0,1330.4574724130623,0.0,0.0,1650.4311057883872,0.0,0.0,4991.0,2778.2868089999997,55911.0,761954.0,1330.4574724130623,1650.4311057883872,,,,,218,1019,80,2023,11,21,4,3,2,0,2
10612,10612,1019,81012543,1,2023-12-23,797130.0,56507.0,2851.997789999999,5437.0,1497.146264068254,0.0,0.0,1839.6631433398952,0.0,0.0,5437.0,2851.997789999999,56507.0,797130.0,1497.146264068254,1839.6631433398952,,,,,218,1019,80,2023,11,22,5,3,2,1,2
10613,10613,1019,81012543,1,2023-12-24,837353.0,58140.0,2811.2536929999997,5393.0,1475.199594077651,0.0,0.0,1760.6980012856222,0.0,0.0,5393.0,2811.2536929999997,58140.0,837353.0,1475.199594077651,1760.6980012856222,,,,,218,1019,80,2023,11,23,6,3,2,1,2
